dt_mean,dt_percent,dt_std,dt_time,knn_mean,knn_percent,knn_std,knn_time,rf_mean,rf_percent,rf_std,rf_time,svm_mean,svm_percent,svm_std,svm_time
0.174322277173213,0.8201438848920863,0.02544179366483668,0.016438627243041994,0.1790661544338015,0.8201438848920863,0.027293111460788787,0.009581756591796876,0.21106228886977552,0.8201438848920863,0.060610983828661064,0.8572386980056763,0.15283341695440628,0.8201438848920863,0.029749301969063762,0.4370140075683594
