dt_mean,dt_percent,dt_std,knn_mean,knn_percent,knn_std,rf_mean,rf_percent,rf_std,svm_mean,svm_percent,svm_std
0.19137301720857872,0.7375,0.04992986186715462,0.18561458594881053,0.7375,0.04304740009793061,0.20112930444481245,0.6646706586826348,0.050431056548453784,0.1536336657994412,0.7375,0.03969211075889177
