dt_mean,dt_percent,dt_std,dt_time,knn_mean,knn_percent,knn_std,knn_time,rf_mean,rf_percent,rf_std,rf_time,svm_mean,svm_percent,svm_std,svm_time
0.18656419115643713,0.8410596026490066,0.04237961788273192,0.04742074012756348,0.21971432978785915,0.9172413793103448,0.04811318588621731,0.031057906150817872,0.21606294811842938,0.759493670886076,0.04089933991579707,7.542010855674744,0.18120206405299988,0.9172413793103448,0.04320714756351532,0.2923660516738892
