dt_mean,dt_percent,dt_std,dt_time,knn_mean,knn_percent,knn_std,knn_time,rf_mean,rf_percent,rf_std,rf_time,svm_mean,svm_percent,svm_std,svm_time
0.16767123622070146,0.6951219512195121,0.0463217402031661,0.011306834220886231,0.17835669566618767,0.6951219512195121,0.0405205155693804,0.009171414375305175,0.20587114497208078,0.6951219512195121,0.062148044717410644,3.7068743467330934,0.1656260780959979,0.6951219512195121,0.054048260325660985,0.3175328254699707
