dt_mean,dt_percent,dt_std,dt_time,knn_mean,knn_percent,knn_std,knn_time,rf_mean,rf_percent,rf_std,rf_time,svm_mean,svm_percent,svm_std,svm_time
0.1962856999655128,0.8489208633093526,0.029820619638539478,0.011807870864868165,0.183570146431109,0.8992805755395683,0.055356543853801066,0.010288667678833009,0.20604872845514555,0.7985611510791367,0.0557687446432396,3.8198151350021363,0.15482350017777827,0.8489208633093526,0.0416316850789118,0.7312832117080689
