dt_mean,dt_std,dt_time,knn_mean,knn_std,knn_time,rf_mean,rf_std,rf_time,svm_mean,svm_std,svm_time
0.21531698470869592,0.061643461857070536,0.09440829753875732,0.21691508098259432,0.047598485147169446,0.02046041488647461,0.22108131767222675,0.05549181708305002,1.1461658239364625,0.11417765241294653,0.01995373862092944,0.9131626605987548
