dt_mean,dt_percent,dt_std,dt_time,knn_mean,knn_percent,knn_std,knn_time,rf_mean,rf_percent,rf_std,rf_time,svm_mean,svm_percent,svm_std,svm_time
0.18347348395810964,0.8992805755395683,0.05355490244761711,0.01161048412322998,0.19649018020007322,0.8489208633093526,0.060747106222281334,0.009815216064453125,0.20774901977107857,0.7985611510791367,0.046615781023243645,0.4175687074661255,0.18652618178019248,0.8489208633093526,0.058705566564956055,1.3108235359191895
