dt_mean,dt_percent,dt_std,knn_mean,knn_percent,knn_std,rf_mean,rf_percent,rf_std,svm_mean,svm_percent,svm_std
0.19573738056358375,0.8169934640522876,0.04647467326296245,0.19471373397843986,0.7375,0.056201245960861505,0.21512473377780866,0.6646706586826348,0.03752953819554792,0.17012650859241768,0.7375,0.04215712490806246
