dt_mean,dt_std,knn_mean,knn_std,rf_mean,rf_std,svm_mean,svm_std
0.21531698470869592,0.061643461857070536,0.21691508098259432,0.047598485147169446,0.22156011768979683,0.049242489755985365,0.10638675644023239,0.01374961216196264
