dt_mean,dt_percent,dt_std,dt_time,knn_mean,knn_percent,knn_std,knn_time,rf_mean,rf_percent,rf_std,rf_time,svm_mean,svm_percent,svm_std,svm_time
0.19916956335405533,0.8169934640522876,0.05471760166190347,0.012123990058898925,0.19343076449694094,0.7375,0.05671771070976934,0.010507965087890625,0.21402214578350942,0.6646706586826348,0.04699613902422814,3.9182024240493774,0.16118716547860934,0.7375,0.0426642349321228,0.3479971647262573
