dt_mean,dt_percent,dt_std,knn_mean,knn_percent,knn_std,rf_mean,rf_percent,rf_std,svm_mean,svm_percent,svm_std
0.19034102150078086,0.891156462585034,0.05637339078039134,0.21860730809594445,0.891156462585034,0.0335619005385492,0.2195288813236674,0.8410596026490066,0.05028097130505794,0.12139210462739873,0.891156462585034,0.02093018780248144
