dt_mean,dt_std,dt_time,knn_mean,knn_std,knn_time,rf_mean,rf_std,rf_time,svm_mean,svm_std,svm_time
0.213061449468535,0.07014206609208488,0.10979466438293457,0.21691508098259432,0.047598485147169446,0.01895594596862793,0.220275011678755,0.05591142977562902,10.255460977554321,0.12212186728897959,0.019460005055028203,0.9293800592422485
