dt_mean,dt_percent,dt_std,dt_time,knn_mean,knn_percent,knn_std,knn_time,rf_mean,rf_percent,rf_std,rf_time,svm_mean,svm_percent,svm_std,svm_time
0.21694024001844858,0.6646706586826348,0.06780732174346611,0.015542030334472656,0.19226309823569182,0.7375,0.05369968928601489,0.011525297164916992,0.2043030239220079,0.7375,0.059445017904279376,1.2548723936080932,0.15482350017777827,0.7375,0.0416316850789118,0.6948279857635498
