dt_mean,dt_percent,dt_std,knn_mean,knn_percent,knn_std,rf_mean,rf_percent,rf_std,svm_mean,svm_percent,svm_std
0.1646094695559936,0.6951219512195121,0.04084147317660304,0.18069568132402358,0.6951219512195121,0.059644177030425335,0.21101532454473632,0.6951219512195121,0.06346259213723221,0.15626967061459043,0.6951219512195121,0.04366003666408497
