dt_mean,dt_percent,dt_std,dt_time,knn_mean,knn_percent,knn_std,knn_time,rf_mean,rf_percent,rf_std,rf_time,svm_mean,svm_percent,svm_std,svm_time
0.1904867032106337,0.9136690647482014,0.05615880564108287,0.04815983772277832,0.218515934822753,0.8633093525179856,0.03786630631549461,0.03549449443817139,0.22096379370777766,0.8633093525179856,0.03780177442438024,0.1944425582885742,0.17801395203133172,0.9424460431654677,0.040233072477091056,0.31110708713531493
