dt_mean,dt_percent,dt_std,dt_time,knn_mean,knn_percent,knn_std,knn_time,rf_mean,rf_percent,rf_std,rf_time,svm_mean,svm_percent,svm_std,svm_time
0.4242899282351934,0.8494623655913979,0.06555883951529595,0.010521554946899414,0.3971891153259776,0.7956989247311828,0.044102221639372635,0.0058837890625,0.41704288865775946,0.8924731182795699,0.045830048760412294,2.366349124908447,0.2714176121333461,0.946236559139785,0.06733413064163171,0.20575664043426514
