dt_mean,dt_percent,dt_std,dt_time,knn_mean,knn_percent,knn_std,knn_time,rf_mean,rf_percent,rf_std,rf_time,svm_mean,svm_percent,svm_std,svm_time
0.42435818234950007,0.6607142857142857,0.046255251586787276,0.010369396209716797,0.3926241079649177,0.6607142857142857,0.04321930007175801,0.006644988059997558,0.4138287041065006,0.6607142857142857,0.03502805387499184,0.7064750671386719,0.23835898116761117,0.8979591836734694,0.04111835149565962,0.23494515419006348
