dt_mean,dt_percent,dt_std,knn_mean,knn_percent,knn_std,rf_mean,rf_percent,rf_std,svm_mean,svm_percent,svm_std
0.32945618672356797,0.7714285714285715,0.08385919306343995,0.3848269024642443,0.6756756756756757,0.027829511592931552,0.3797321153601861,0.8787878787878788,0.045186465329965696,0.130207304949952,0.6756756756756757,0.006974296798210921
