dt_mean,dt_std,dt_time,knn_mean,knn_std,knn_time,rf_mean,rf_std,rf_time,svm_mean,svm_std,svm_time
0.40213614558348876,0.0311331551844615,0.06307194232940674,0.3861267782177814,0.03566188806777838,0.011132025718688964,0.4165581801575879,0.04896545045141339,5.977827191352844,0.125,0.0,0.5408348798751831
