dt_mean,dt_percent,dt_std,dt_time,knn_mean,knn_percent,knn_std,knn_time,rf_mean,rf_percent,rf_std,rf_time,svm_mean,svm_percent,svm_std,svm_time
0.3998498875901622,0.7383177570093458,0.06484280427171621,0.008658456802368163,0.390567016160131,0.6607142857142857,0.05061457242980163,0.00745701789855957,0.3942632409048229,0.6607142857142857,0.04941728088456415,0.5098188638687133,0.2585438232470555,0.8979591836734694,0.037485947281280345,0.192793869972229
