dt_mean,dt_percent,dt_std,dt_time,knn_mean,knn_percent,knn_std,knn_time,rf_mean,rf_percent,rf_std,rf_time,svm_mean,svm_percent,svm_std,svm_time
0.4074484184265952,0.946236559139785,0.058847278496242696,0.003368830680847168,0.3760568860571384,0.946236559139785,0.06949903231610693,0.0036462783813476563,0.4158790243946389,0.946236559139785,0.05955606005208618,1.7031689405441284,0.23182829305477876,0.946236559139785,0.02523545524636604,0.1651111364364624
