dt_mean,dt_percent,dt_std,knn_mean,knn_percent,knn_std,rf_mean,rf_percent,rf_std,svm_mean,svm_percent,svm_std
0.4050656532355785,0.7383177570093458,0.062496273462539886,0.3909071269007835,0.6607142857142857,0.05177428956894542,0.3945783825083697,0.6607142857142857,0.06270694008191126,0.2130714200155747,0.8058252427184466,0.0390703246678554
