dt_mean,dt_std,dt_time,knn_mean,knn_std,knn_time,rf_mean,rf_std,rf_time,svm_mean,svm_std,svm_time
0.40988041564633304,0.07005781193103167,0.04416537284851074,0.3861267782177814,0.03566188806777838,0.012583732604980469,0.4144587918652817,0.04436542680033729,5.430362820625305,0.125,0.0,0.5526186704635621
