dt_mean,dt_percent,dt_std,knn_mean,knn_percent,knn_std,rf_mean,rf_percent,rf_std,svm_mean,svm_percent,svm_std
0.4045113554895322,0.8979591836734694,0.06882904768691364,0.36621080096598335,0.8979591836734694,0.05005810090913199,0.41339796378857824,0.8979591836734694,0.0592808207855867,0.20712846598556314,0.8979591836734694,0.029827504633439285
