dt_mean,dt_percent,dt_std,dt_time,knn_mean,knn_percent,knn_std,knn_time,rf_mean,rf_percent,rf_std,rf_time,svm_mean,svm_percent,svm_std,svm_time
0.3287421360664731,0.9139784946236559,0.06460770029932551,0.025419163703918456,0.3891626737434131,0.8064516129032258,0.023489810413438648,0.017264890670776366,0.37859882303443854,0.8064516129032258,0.044158146559210874,5.581544399261475,0.18522000652687826,0.9139784946236559,0.026931727225421986,0.24024612903594972
