dt_mean,dt_percent,dt_std,dt_time,knn_mean,knn_percent,knn_std,knn_time,rf_mean,rf_percent,rf_std,rf_time,svm_mean,svm_percent,svm_std,svm_time
0.39999248401573745,0.8979591836734694,0.059941406825348535,0.003348255157470703,0.37542023469680286,0.8979591836734694,0.06253420221546133,0.0038799047470092773,0.4148217605800221,0.8979591836734694,0.055828310467453165,2.281118154525757,0.2567744799975753,0.8979591836734694,0.02937096489248121,0.16744427680969237
