dt_mean,dt_percent,dt_std,dt_time,knn_mean,knn_percent,knn_std,knn_time,rf_mean,rf_percent,rf_std,rf_time,svm_mean,svm_percent,svm_std,svm_time
0.40830493158708603,0.8494623655913979,0.05467858802469429,0.012038516998291015,0.390567016160131,0.7956989247311828,0.05061457242980163,0.008362960815429688,0.3951012153873407,0.7956989247311828,0.05157752575473043,2.0888649463653564,0.2946405990819354,0.8924731182795699,0.045726691746736305,0.4197134256362915
