dt_mean,dt_std,knn_mean,knn_std,rf_mean,rf_std,svm_mean,svm_std
0.40385525980260295,0.03139541059318385,0.394112938780458,0.02538083034501765,0.4179447972814342,0.04052781234653467,0.12625,0.0025000000000000022
