dt_mean,dt_percent,dt_std,dt_time,knn_mean,knn_percent,knn_std,knn_time,rf_mean,rf_percent,rf_std,rf_time,svm_mean,svm_percent,svm_std,svm_time
0.35224452348682556,0.8787878787878788,0.07949966850659897,0.024800753593444823,0.3848269024642443,0.6756756756756757,0.027829511592931552,0.01666269302368164,0.37407448836498003,0.6756756756756757,0.042692004382656405,6.098401927947998,0.12625,0.8787878787878788,0.0025000000000000022,0.21487998962402344
