dt_mean,dt_percent,dt_std,knn_mean,knn_percent,knn_std,rf_mean,rf_percent,rf_std,svm_mean,svm_percent,svm_std
0.4321260842933931,0.8058252427184466,0.050762357176604586,0.4012047276217673,0.6607142857142857,0.034762180504753964,0.4176971722770283,0.6607142857142857,0.038285909477703245,0.24124001809575235,0.8979591836734694,0.03989104571259396
