dt_mean,dt_percent,dt_std,dt_time,knn_mean,knn_percent,knn_std,knn_time,rf_mean,rf_percent,rf_std,rf_time,svm_mean,svm_percent,svm_std,svm_time
0.4193948412698413,0.6923076923076923,0.1390360703289374,0.0032227754592895506,0.44454365079365077,0.8333333333333334,0.15659778785765482,0.0032357692718505858,0.3826140873015873,0.6296296296296297,0.12220323958200813,0.17715809345245362,0.3503621031746032,0.6923076923076923,0.1408920001215935,0.03149955272674561
