dt_mean,dt_percent,dt_std,dt_time,knn_mean,knn_percent,knn_std,knn_time,rf_mean,rf_percent,rf_std,rf_time,svm_mean,svm_percent,svm_std,svm_time
0.39103174603174606,0.8181818181818182,0.13584472289241606,0.0031700849533081053,0.40902777777777777,0.7727272727272727,0.13797441112737108,0.0020726919174194336,0.34017857142857144,0.5909090909090909,0.10985318211093369,0.9103874444961548,0.2519345238095238,0.5909090909090909,0.007697926878796171,0.030431842803955077
