dt_mean,dt_percent,dt_std,dt_time,knn_mean,knn_percent,knn_std,knn_time,rf_mean,rf_percent,rf_std,rf_time,svm_mean,svm_percent,svm_std,svm_time
0.39052579365079365,0.41935483870967744,0.15502179319612047,0.004597139358520508,0.41049107142857144,0.41935483870967744,0.14778593272292578,0.003243756294250488,0.3340327380952381,0.6923076923076923,0.09465453305673625,0.9486222505569458,0.2519345238095238,0.41935483870967744,0.007697926878796171,0.0389819860458374
