dt_mean,dt_std,rf_mean,rf_std,knn_mean,knn_std
0.3009763179858117,0.007020274029767709,0.35697115384615385,0.049278846153846145,0.35907506259563227,0.03215198567255531
