dt_mean,dt_percent,dt_std,dt_time,knn_mean,knn_percent,knn_std,knn_time,rf_mean,rf_percent,rf_std,rf_time,svm_mean,svm_percent,svm_std,svm_time
0.3950148809523809,0.76,0.14077626737635884,0.0019756317138671874,0.3966765873015873,0.76,0.1540319227148403,0.0013203859329223634,0.3918898809523809,0.76,0.13874325600681442,2.490756034851074,0.37470238095238095,0.9130434782608695,0.11646196889899264,0.007147002220153809
