dt_mean,dt_std,rf_mean,rf_std,knn_mean,knn_std,dt_percent,rf_percent,knn_percent
0.2734552499188575,0.00859603213242452,0.2803241062734734,0.019126443177076097,0.26354499930449293,0.02171141095191728,0.76,0.76,0.76
