dt_mean,dt_percent,dt_std,dt_time,knn_mean,knn_percent,knn_std,knn_time,rf_mean,rf_percent,rf_std,rf_time,svm_mean,svm_percent,svm_std,svm_time
0.4331845238095238,0.8636363636363636,0.12851354517138266,0.0020688056945800783,0.3882688492063492,0.6363636363636364,0.11990695397616999,0.0021018505096435545,0.3918898809523809,0.8636363636363636,0.14721807115679636,0.9429272651672364,0.37470238095238095,0.9545454545454546,0.11646196889899264,0.00731201171875
