dt_mean,dt_std,dt_time,knn_mean,knn_std,knn_time,rf_mean,rf_std,rf_time,svm_mean,svm_std,svm_time
0.37132440476190476,0.1400198627959445,0.0019463062286376952,0.418328373015873,0.1516666868641903,0.0015311956405639649,0.3606398809523809,0.12980168217463767,1.989804983139038,0.25,0.0,0.042489123344421384
