dt_mean,dt_percent,dt_std,dt_time,knn_mean,knn_percent,knn_std,knn_time,rf_mean,rf_percent,rf_std,rf_time,svm_mean,svm_percent,svm_std,svm_time
0.3757440476190476,0.8333333333333334,0.15280064506251037,0.0025681257247924805,0.3802827380952381,0.76,0.09976147080717357,0.0031132936477661134,0.3637648809523809,0.76,0.11411490618851364,1.3349974632263184,0.3334573412698413,0.76,0.11028636975620026,0.009820508956909179
