dt_mean,dt_std,knn_mean,knn_std,rf_mean,rf_std,svm_mean,svm_std
0.3775744047619048,0.13558014481431754,0.41597222222222224,0.1462937893934608,0.3646577380952381,0.1202471422589441,0.25,0.0
