dt_mean,dt_percent,dt_std,dt_time,knn_mean,knn_percent,knn_std,knn_time,rf_mean,rf_percent,rf_std,rf_time,svm_mean,svm_percent,svm_std,svm_time
0.38172123015873016,0.7727272727272727,0.16579357280635307,0.003137803077697754,0.3918898809523809,0.8636363636363636,0.12675656470323599,0.0030480623245239258,0.36220238095238094,0.8181818181818182,0.11469768567255165,1.1505673408508301,0.3334573412698413,0.8636363636363636,0.11028636975620026,0.009906315803527832
