dt_mean,dt_percent,dt_std,knn_mean,knn_percent,knn_std,rf_mean,rf_percent,rf_std,svm_mean,svm_percent,svm_std
0.4394345238095238,0.6296296296296297,0.1503845958847573,0.44801587301587303,0.8333333333333334,0.13698202939465676,0.3899801587301587,0.76,0.10937911664858443,0.35038690476190476,0.76,0.1435420910818949
