dt_mean,dt_percent,dt_std,knn_mean,knn_percent,knn_std,rf_mean,rf_percent,rf_std,svm_mean,svm_percent,svm_std
0.38876488095238093,0.76,0.13319585030981032,0.3967757936507937,0.4666666666666667,0.12656766871438538,0.37470238095238095,0.9130434782608695,0.11646196889899264,0.37470238095238095,0.9130434782608695,0.11646196889899264
