dt_mean,dt_percent,dt_std,knn_mean,knn_percent,knn_std,rf_mean,rf_percent,rf_std,svm_mean,svm_percent,svm_std
0.39833829365079365,0.41935483870967744,0.16023558534755405,0.4192956349206349,0.6296296296296297,0.1454281502719965,0.334375,0.6923076923076923,0.09878486855334699,0.25,0.6923076923076923,0.0
