dt_mean,dt_std,rf_mean,rf_std,knn_mean,knn_std,dt_percent,rf_percent,knn_percent
0.39619847452125934,0.08850616682895163,0.2574042518662772,0.015031645569620236,0.2854215931747577,0.0030399452867807264,0.8333333333333334,0.6296296296296297,0.76
