dt_mean,dt_percent,dt_std,knn_mean,knn_percent,knn_std,rf_mean,rf_percent,rf_std,svm_mean,svm_percent,svm_std
0.38172123015873016,0.6296296296296297,0.16579357280635307,0.3814980158730159,0.6296296296296297,0.11749053003563167,0.36969246031746034,0.76,0.12512842986585979,0.33653769841269837,0.8333333333333334,0.09227432392092746
