dt_mean,dt_std,dt_time,knn_mean,knn_std,knn_time,rf_mean,rf_std,rf_time,svm_mean,svm_std,svm_time
0.3775744047619048,0.13558014481431754,0.003483104705810547,0.41597222222222224,0.1462937893934608,0.0019423961639404297,0.3637648809523809,0.13417406815183502,1.6427803754806518,0.25,0.0,0.04657676219940186
