dt_mean,dt_percent,dt_std,dt_time,knn_mean,knn_percent,knn_std,knn_time,rf_mean,rf_percent,rf_std,rf_time,svm_mean,svm_percent,svm_std,svm_time
0.42296626984126984,0.8636363636363636,0.1417790368581425,0.002718186378479004,0.43444940476190474,0.9090909090909091,0.14880415210212045,0.004096269607543945,0.3710813492063492,0.9090909090909091,0.09034049583146436,0.30711073875427247,0.3479563492063492,0.8636363636363636,0.1469222616583511,0.019295310974121092
