dt_mean,dt_std,rf_mean,rf_std,knn_mean,knn_std,dt_percent,rf_percent,knn_percent
0.3674450549450549,0.04601648351648352,0.3567320733064404,0.06872841030277743,0.3666568136504845,0.06308538507905595,0.76,0.4666666666666667,0.4666666666666667
