dt_mean,dt_std,rf_mean,rf_std,knn_mean,knn_std,dt_percent,rf_percent,knn_percent
0.2927454270413131,0.034389199935086046,0.30342653127463254,0.01221774006584131,0.36258157717809614,0.04756326215978113,0.5714285714285714,0.5714285714285714,0.6296296296296297
