dt_mean,dt_percent,dt_std,dt_time,knn_mean,knn_percent,knn_std,knn_time,rf_mean,rf_percent,rf_std,rf_time,svm_mean,svm_percent,svm_std,svm_time
0.42666962412445697,0.9230769230769231,0.09247042470674494,0.02341158390045166,0.4091110009029231,0.9230769230769231,0.07748572274378301,0.02317655086517334,0.42083586361261593,0.8034188034188035,0.09356606461795747,2.5703679800033568,0.37584609320433315,0.9230769230769231,0.08437212897379663,16.977558636665343
