dt_mean,dt_std,knn_mean,knn_std,rf_mean,rf_std,svm_mean,svm_std
0.6108333333333333,0.17677865947122814,0.5804166666666667,0.21559873028383075,0.63875,0.18371220321772616,0.26666666666666666,0.03333333333333333
