dt_mean,dt_percent,dt_std,knn_mean,knn_percent,knn_std,rf_mean,rf_percent,rf_std,svm_mean,svm_percent,svm_std
0.5220833333333333,0.7333333333333333,0.16163283580730467,0.5220833333333333,0.9024390243902439,0.26825082841334236,0.6033333333333333,0.6595744680851063,0.22420228961066982,0.39708333333333334,0.9024390243902439,0.22157148645778207
