dt_mean,dt_percent,dt_std,dt_time,knn_mean,knn_percent,knn_std,knn_time,rf_mean,rf_percent,rf_std,rf_time,svm_mean,svm_percent,svm_std,svm_time
0.6944444444444444,0.8780487804878049,0.11979921473804349,0.0059311151504516605,0.7388888888888888,0.9024390243902439,0.1166666666666667,0.006252932548522949,0.8,0.8455284552845529,0.12957670877434,1.424563479423523,0.36111111111111116,0.9024390243902439,0.056927504255331114,0.008187031745910645
