dt_mean,dt_percent,dt_std,knn_mean,knn_percent,knn_std,rf_mean,rf_percent,rf_std,svm_mean,svm_percent,svm_std
0.7766666666666667,0.5974025974025974,0.17288046251959086,0.7222222222222222,0.5279503105590062,0.19083960041464076,0.8211111111111112,0.5974025974025974,0.19401221801922874,0.36111111111111116,0.43023255813953487,0.056927504255331114
