dt_mean,dt_percent,dt_std,dt_time,knn_mean,knn_percent,knn_std,knn_time,rf_mean,rf_percent,rf_std,rf_time,svm_mean,svm_percent,svm_std,svm_time
0.7007178230642619,0.8656716417910447,0.18242224028779333,0.00873427391052246,0.7374260273867486,0.7313432835820896,0.11903794399841988,0.010090327262878418,0.7417013125534748,0.7313432835820896,0.17433898842390666,3.3736113548278808,0.6800798764181601,0.8656716417910447,0.15200349564833926,1.4161093950271606
