dt_mean,dt_percent,dt_std,dt_time,knn_mean,knn_percent,knn_std,knn_time,rf_mean,rf_percent,rf_std,rf_time,svm_mean,svm_percent,svm_std,svm_time
0.424761656895399,0.7333333333333333,0.10362096570022315,0.052952694892883304,0.4366255346533602,0.813953488372093,0.08414883755315536,0.029032301902770997,0.42049988108073383,0.6595744680851063,0.09710399005343681,4.527331900596619,0.37250278387493607,0.7333333333333333,0.06882999847008338,20.28607656955719
