dt_mean,dt_percent,dt_std,dt_time,knn_mean,knn_percent,knn_std,knn_time,rf_mean,rf_percent,rf_std,rf_time,svm_mean,svm_percent,svm_std,svm_time
0.41583333333333333,0.5294117647058824,0.12858471051325573,0.0021031856536865234,0.55125,0.4268292682926829,0.1943923045173228,0.001408839225769043,0.6179166666666667,0.3146067415730337,0.1548974795361973,0.46304709911346437,0.30833333333333335,0.49044585987261147,0.10408329997330666,0.003103160858154297
