dt_mean,dt_percent,dt_std,dt_time,knn_mean,knn_percent,knn_std,knn_time,rf_mean,rf_percent,rf_std,rf_time,svm_mean,svm_percent,svm_std,svm_time
0.7321965367541831,0.8873239436619719,0.16385462570260498,0.008657240867614746,0.7885526086089081,0.8873239436619719,0.13870198120163976,0.008173584938049316,0.7382166576502953,0.654320987654321,0.17695633142155373,1.74053213596344,0.7015386293964403,0.8873239436619719,0.17195137544363132,19.445470762252807
