dt_mean,dt_percent,dt_std,dt_time,knn_mean,knn_percent,knn_std,knn_time,rf_mean,rf_percent,rf_std,rf_time,svm_mean,svm_percent,svm_std,svm_time
0.49083333333333334,0.746268656716418,0.1921443323245431,0.006111598014831543,0.6220833333333333,0.746268656716418,0.16348048218535313,0.005776643753051758,0.5783333333333334,0.6714285714285714,0.19737689552956517,0.7677196979522705,0.2791666666666667,0.6714285714285714,0.04583333333333333,0.006164717674255371
