dt_mean,dt_percent,dt_std,dt_time,knn_mean,knn_percent,knn_std,knn_time,rf_mean,rf_percent,rf_std,rf_time,svm_mean,svm_percent,svm_std,svm_time
0.5158333333333334,0.7948717948717948,0.18920337382474622,0.0029216766357421874,0.5554166666666667,0.8461538461538461,0.186153032177531,0.003143906593322754,0.5887499999999999,0.7948717948717948,0.20238208157948284,0.6561589479446411,0.34791666666666665,0.9487179487179487,0.12113826466755526,0.003974342346191406
