dt_mean,dt_percent,dt_std,knn_mean,knn_percent,knn_std,rf_mean,rf_percent,rf_std,svm_mean,svm_percent,svm_std
0.4167259886337763,0.7333333333333333,0.09462808647904285,0.4221627146315736,0.6595744680851063,0.07082928410150187,0.418018255330486,0.6595744680851063,0.09305590183017597,0.3920359300085282,0.6595744680851063,0.0725715949487889
