dt_mean,dt_percent,dt_std,knn_mean,knn_percent,knn_std,rf_mean,rf_percent,rf_std,svm_mean,svm_percent,svm_std
0.7426707019724752,0.7866666666666666,0.15102512768722293,0.7735897771613393,0.8356164383561644,0.1595572093128627,0.7313949189869435,0.8611111111111112,0.18167352810978926,0.6106308006921504,0.8611111111111112,0.16143541536826017
