dt_mean,dt_percent,dt_std,dt_time,knn_mean,knn_percent,knn_std,knn_time,rf_mean,rf_percent,rf_std,rf_time,svm_mean,svm_percent,svm_std,svm_time
0.4163148790634585,0.8461538461538461,0.08789375648832937,0.04978680610656738,0.43638856910607265,0.8974358974358975,0.08611002519735156,0.02876873016357422,0.4250316221703481,0.7948717948717948,0.09776051279729603,6.813445091247559,0.3624670978253913,0.8461538461538461,0.07381664548518041,19.34592206478119
