dt_mean,dt_percent,dt_std,knn_mean,knn_percent,knn_std,rf_mean,rf_percent,rf_std,svm_mean,svm_percent,svm_std
0.7374598147998941,0.654320987654321,0.14271704222943085,0.7823431151371448,0.8873239436619719,0.13704364204568822,0.7496274272263723,0.8873239436619719,0.14859610352392572,0.6923109439565373,0.8873239436619719,0.1724551202604584
