dt_mean,dt_percent,dt_std,knn_mean,knn_percent,knn_std,rf_mean,rf_percent,rf_std,svm_mean,svm_percent,svm_std
0.4616666666666666,0.7333333333333333,0.17939713858736248,0.57,0.7333333333333333,0.25981296691616024,0.5970833333333333,0.6595744680851063,0.19139518817241866,0.34375,0.9024390243902439,0.10045469542700995
