dt_mean,dt_percent,dt_std,dt_time,knn_mean,knn_percent,knn_std,knn_time,rf_mean,rf_percent,rf_std,rf_time,svm_mean,svm_percent,svm_std,svm_time
0.4171514347210761,0.7333333333333333,0.11742446069577077,0.034268856048583984,0.4139836219437275,0.6595744680851063,0.07866647510436643,0.033529472351074216,0.42379275322233123,0.7333333333333333,0.09043229151652378,6.096123814582825,0.3936611214608216,0.6595744680851063,0.07817655349704374,5.173632216453552
