dt_mean,dt_std,dt_time,knn_mean,knn_std,knn_time,rf_mean,rf_std,rf_time,svm_mean,svm_std,svm_time
0.53375,0.24478909573118018,0.0029271602630615234,0.5845833333333333,0.16168653228461,0.0009298324584960938,0.6325000000000001,0.20387564292425364,1.4367098331451416,0.26666666666666666,0.03333333333333333,0.005305576324462891
