dt_mean,dt_percent,dt_std,knn_mean,knn_percent,knn_std,rf_mean,rf_percent,rf_std,svm_mean,svm_percent,svm_std
0.6322222222222222,0.6621621621621622,0.08853401383049495,0.6166666666666667,0.7323943661971831,0.15406027359846722,0.7333333333333334,0.6621621621621622,0.14444444444444446,0.5166666666666666,0.8923076923076924,0.18929694486000914
