dt_mean,dt_std,knn_mean,knn_std,rf_mean,rf_std,svm_mean,svm_std
0.6211111111111112,0.1536751423708989,0.7,0.09686442096757054,0.75,0.14540280364780447,0.36111111111111116,0.056927504255331114
