dt_mean,dt_percent,dt_std,dt_time,knn_mean,knn_percent,knn_std,knn_time,rf_mean,rf_percent,rf_std,rf_time,svm_mean,svm_percent,svm_std,svm_time
0.6166666666666667,0.943089430894309,0.16749792701868155,0.0030178546905517576,0.6277777777777779,0.7967479674796748,0.1428328903575827,0.00322263240814209,0.7555555555555556,0.8455284552845529,0.11706281947614157,0.17124054431915284,0.5111111111111111,0.943089430894309,0.18724777273725243,0.0035065650939941407
