dt_mean,dt_percent,dt_std,dt_time,knn_mean,knn_percent,knn_std,knn_time,rf_mean,rf_percent,rf_std,rf_time,svm_mean,svm_percent,svm_std,svm_time
0.7655555555555557,0.7479674796747967,0.17245146033837902,0.0023154258728027345,0.7666666666666667,0.6016260162601627,0.1606314699422329,0.0016691207885742188,0.8377777777777778,0.6910569105691057,0.1820459852365351,0.45196669101715087,0.36111111111111116,0.4634146341463415,0.056927504255331114,0.004335975646972657
