dt_mean,dt_percent,dt_std,dt_time,knn_mean,knn_percent,knn_std,knn_time,rf_mean,rf_percent,rf_std,rf_time,svm_mean,svm_percent,svm_std,svm_time
0.5845833333333333,0.6595744680851063,0.1818982659803734,0.003321123123168945,0.5137499999999999,0.6595744680851063,0.22422745458326215,0.0038720130920410155,0.6575,0.6595744680851063,0.1957251474219226,0.11469075679779053,0.37916666666666665,0.9024390243902439,0.11250000000000002,0.0035681724548339844
