dt_mean,dt_percent,dt_std,dt_time,knn_mean,knn_percent,knn_std,knn_time,rf_mean,rf_percent,rf_std,rf_time,svm_mean,svm_percent,svm_std,svm_time
0.7655555555555557,0.5279503105590062,0.17245146033837902,0.0020183324813842773,0.7500000000000001,0.5279503105590062,0.15762512176790122,0.0012152910232543946,0.8266666666666665,0.5279503105590062,0.1750625990331656,1.7393349885940552,0.36111111111111116,0.43023255813953487,0.056927504255331114,0.003766179084777832
