dt_mean,dt_percent,dt_std,dt_time,knn_mean,knn_percent,knn_std,knn_time,rf_mean,rf_percent,rf_std,rf_time,svm_mean,svm_percent,svm_std,svm_time
0.7429130409343263,0.7910447761194029,0.1573876857811434,0.012930774688720703,0.7774471247367026,0.8955223880597015,0.1382681464242782,0.007384252548217773,0.7371594785084236,0.9402985074626866,0.1601693094096773,0.4499287366867065,0.6700753106811389,0.9402985074626866,0.1803082150382303,30.538026928901672
