dt_mean,dt_percent,dt_std,dt_time,knn_mean,knn_percent,knn_std,knn_time,rf_mean,rf_percent,rf_std,rf_time,svm_mean,svm_percent,svm_std,svm_time
0.7426707019724752,0.7866666666666666,0.15102512768722293,0.02257235050201416,0.7781910041552045,0.8356164383561644,0.15975334472179045,0.017698049545288086,0.7455259949661791,0.7866666666666666,0.17146429889552905,2.569471073150635,0.6112673037596352,0.8611111111111112,0.1636619934853382,1.378030276298523
