dt_mean,dt_std,dt_time,knn_mean,knn_std,knn_time,rf_mean,rf_std,rf_time,svm_mean,svm_std,svm_time
0.7276133329112904,0.19355186806239488,0.01803750991821289,0.7664981804195106,0.16825633160227116,0.015273213386535645,0.7533704347425729,0.16456521390982337,0.18062162399291992,0.6057257747365108,0.13800090283731753,0.6778534173965454
