dt_mean,dt_percent,dt_std,dt_time,knn_mean,knn_percent,knn_std,knn_time,rf_mean,rf_percent,rf_std,rf_time,svm_mean,svm_percent,svm_std,svm_time
0.7505245609794464,0.8108108108108109,0.14865484781901114,0.009970259666442872,0.7775417151056834,0.8873239436619719,0.14862611465536785,0.006783580780029297,0.7482465651461612,0.8873239436619719,0.16864895292943177,2.892709231376648,0.6676710760559705,0.8873239436619719,0.17846057087610875,31.195042538642884
