dt_mean,dt_percent,dt_std,dt_time,knn_mean,knn_percent,knn_std,knn_time,rf_mean,rf_percent,rf_std,rf_time,svm_mean,svm_percent,svm_std,svm_time
0.7,0.7323943661971831,0.1632993161855452,0.004887509346008301,0.6333333333333333,0.6510067114093959,0.18954135676924425,0.0056670188903808595,0.8,0.7323943661971831,0.12957670877434,1.3043914079666137,0.36111111111111116,0.8222222222222222,0.056927504255331114,0.006598281860351563
