dt_mean,dt_std,knn_mean,knn_std,rf_mean,rf_std,svm_mean,svm_std
0.4129664410394742,0.06599641700263811,0.4286716313989715,0.10126538204981225,0.43805816303012934,0.08892948955188253,0.30752209698782357,0.05963752577659258
