dt_mean,dt_percent,dt_std,knn_mean,knn_percent,knn_std,rf_mean,rf_percent,rf_std,svm_mean,svm_percent,svm_std
0.6902862122415466,0.7631578947368421,0.17120638841158742,0.7418263715435643,0.5764705882352941,0.15491489143628046,0.7445803214816008,0.7631578947368421,0.11799859029762166,0.6160706701274187,0.7631578947368421,0.18161986179200215
