dt_mean,dt_percent,dt_std,dt_time,knn_mean,knn_percent,knn_std,knn_time,rf_mean,rf_percent,rf_std,rf_time,svm_mean,svm_percent,svm_std,svm_time
0.41382647098802067,0.7948717948717948,0.09783348441392832,0.053048443794250486,0.4116850664198538,0.8461538461538461,0.0956821140433076,0.03279988765716553,0.4253707680166423,0.7948717948717948,0.09183992537400042,2.749390149116516,0.39073967601560194,0.7948717948717948,0.07087604562972681,9.546751141548157
