dt_mean,dt_percent,dt_std,dt_time,knn_mean,knn_percent,knn_std,knn_time,rf_mean,rf_percent,rf_std,rf_time,svm_mean,svm_percent,svm_std,svm_time
0.7035756291317042,0.7631578947368421,0.1960812474565961,0.009821486473083497,0.7530580846157683,0.5764705882352941,0.15920309856285847,0.00865952968597412,0.7441553002835362,0.5764705882352941,0.17400859733277738,3.0897902727127073,0.6152695847097688,0.7631578947368421,0.18013783717809223,0.7536192655563354
