dt_mean,dt_std,dt_time,knn_mean,knn_std,knn_time,rf_mean,rf_std,rf_time,svm_mean,svm_std,svm_time
0.7092207648952374,0.15452043452377479,0.030263781547546387,0.7664981804195106,0.16825633160227116,0.015562105178833007,0.7376525013716395,0.16297781845506135,2.7322478532791137,0.6067561349693251,0.1417063756378597,0.6890846729278565
