dt_mean,dt_percent,dt_std,dt_time,knn_mean,knn_percent,knn_std,knn_time,rf_mean,rf_percent,rf_std,rf_time,svm_mean,svm_percent,svm_std,svm_time
0.6388888888888888,0.8923076923076924,0.17959144305827351,0.002500438690185547,0.6777777777777778,0.8923076923076924,0.11055415967851334,0.002649831771850586,0.75,0.6621621621621622,0.14540280364780447,0.9250582456588745,0.5111111111111111,0.8923076923076924,0.18724777273725243,0.004196357727050781
