dt_mean,dt_percent,dt_std,knn_mean,knn_percent,knn_std,rf_mean,rf_percent,rf_std,svm_mean,svm_percent,svm_std
0.46791666666666665,0.7862595419847328,0.2482092111505937,0.5991666666666667,0.6714285714285714,0.19436327670970496,0.57625,0.746268656716418,0.20082339187012607,0.26666666666666666,0.828125,0.03333333333333333
