dt_mean,dt_percent,dt_std,dt_time,knn_mean,knn_percent,knn_std,knn_time,rf_mean,rf_percent,rf_std,rf_time,svm_mean,svm_percent,svm_std,svm_time
0.5283333333333333,0.9487179487179487,0.10705657901834484,0.004302215576171875,0.4970833333333333,0.9487179487179487,0.2392265459303749,0.002365303039550781,0.56375,0.7948717948717948,0.21705933968489916,0.1719759464263916,0.4408333333333333,0.9487179487179487,0.1908387917705529,0.00556495189666748
