dt_mean,dt_percent,dt_std,knn_mean,knn_percent,knn_std,rf_mean,rf_percent,rf_std,svm_mean,svm_percent,svm_std
0.648888888888889,0.6621621621621622,0.19690193084469834,0.6888888888888889,0.7323943661971831,0.2096440251568134,0.7500000000000001,0.7323943661971831,0.14751020052613062,0.66,0.8923076923076924,0.13063945294843618
