dt_mean,dt_percent,dt_std,dt_time,knn_mean,knn_percent,knn_std,knn_time,rf_mean,rf_percent,rf_std,rf_time,svm_mean,svm_percent,svm_std,svm_time
0.43875000000000003,0.47863247863247865,0.20051193162059514,0.0032617330551147463,0.5908333333333334,0.47863247863247865,0.22349651998284994,0.002470254898071289,0.6137499999999999,0.47863247863247865,0.18669317148138487,1.8187135457992554,0.26666666666666666,0.47863247863247865,0.03333333333333333,0.005829954147338867
