dt_mean,dt_percent,dt_std,dt_time,knn_mean,knn_percent,knn_std,knn_time,rf_mean,rf_percent,rf_std,rf_time,svm_mean,svm_percent,svm_std,svm_time
0.5470833333333334,0.9024390243902439,0.1353499835816597,0.0027286529541015623,0.495,0.6595744680851063,0.21925378496669615,0.0029322147369384766,0.5887499999999999,0.6595744680851063,0.20933965290354759,0.9393008708953857,0.36583333333333334,0.9024390243902439,0.1940325001413709,0.002781796455383301
