dt_mean,dt_percent,dt_std,dt_time,knn_mean,knn_percent,knn_std,knn_time,rf_mean,rf_percent,rf_std,rf_time,svm_mean,svm_percent,svm_std,svm_time
0.6599999999999999,0.8088235294117647,0.12921414897872563,0.002448749542236328,0.7111111111111111,0.6621621621621622,0.14010578014353883,0.003976702690124512,0.7388888888888889,0.6621621621621622,0.14065543223524624,1.3924334287643432,0.6544444444444444,0.8923076923076924,0.13374473567579273,0.0029239654541015625
