dt_mean,dt_percent,dt_std,dt_time,knn_mean,knn_percent,knn_std,knn_time,rf_mean,rf_percent,rf_std,rf_time,svm_mean,svm_percent,svm_std,svm_time
0.6044444444444443,0.8943089430894309,0.15485556791274974,0.0020725011825561525,0.7,0.7967479674796748,0.13193713430042134,0.0025274038314819338,0.7433333333333334,0.7967479674796748,0.15810997891372566,0.2893099308013916,0.66,0.943089430894309,0.13063945294843618,0.00430750846862793
