dt_mean,dt_percent,dt_std,dt_time,knn_mean,knn_percent,knn_std,knn_time,rf_mean,rf_percent,rf_std,rf_time,svm_mean,svm_percent,svm_std,svm_time
0.42156201172644964,0.708029197080292,0.09303923268590385,0.2454695701599121,0.42463328486724244,0.708029197080292,0.09632825908505989,0.20673651695251466,0.4286041946097131,0.708029197080292,0.08894256937868103,13.183205318450927,0.3723431931169482,0.8870967741935484,0.0725142100617221,4.251655888557434
