dt_mean,dt_percent,dt_std,dt_time,knn_mean,knn_percent,knn_std,knn_time,rf_mean,rf_percent,rf_std,rf_time,svm_mean,svm_percent,svm_std,svm_time
0.7413099972375373,0.8805970149253731,0.1391056274267077,0.025435376167297363,0.7769410041552043,0.9104477611940298,0.16021013587104183,0.017931222915649414,0.7416198678621992,0.9104477611940298,0.17177936786710937,2.3079020023345946,0.5981435818782445,0.9104477611940298,0.14584754617141216,0.3650796413421631
