dt_mean,dt_percent,dt_std,knn_mean,knn_percent,knn_std,rf_mean,rf_percent,rf_std,svm_mean,svm_percent,svm_std
0.6944444444444444,0.782608695652174,0.11979921473804349,0.6722222222222223,0.6510067114093959,0.14792807728549276,0.8,0.8222222222222222,0.14948471163415233,0.36111111111111116,0.782608695652174,0.056927504255331114
