dt_mean,dt_std,dt_time,knn_mean,knn_std,knn_time,rf_mean,rf_std,rf_time,svm_mean,svm_std,svm_time
0.4100352427757451,0.07804101397877612,0.2616692543029785,0.4286716313989715,0.10126538204981225,0.08955771923065185,0.43360722578758376,0.08991224101685473,15.268043446540833,0.27017242086579196,0.06313647041928905,14.075585579872131
