dt_mean,dt_percent,dt_std,knn_mean,knn_percent,knn_std,rf_mean,rf_percent,rf_std,svm_mean,svm_percent,svm_std
0.4095833333333333,0.4268292682926829,0.14541666666666667,0.5700000000000001,0.4268292682926829,0.1887992025642293,0.6054166666666667,0.3146067415730337,0.1744440574128757,0.2708333333333333,0.5294117647058824,0.04269562819149832
