dt_mean,dt_percent,dt_std,dt_time,knn_mean,knn_percent,knn_std,knn_time,rf_mean,rf_percent,rf_std,rf_time,svm_mean,svm_percent,svm_std,svm_time
0.41849680478952145,0.828125,0.10021527395343346,0.027364468574523924,0.4141465485213033,0.828125,0.09822693651843667,0.02469680309295654,0.41779074823357404,0.6714285714285714,0.09358195190417863,3.6801841497421264,0.38169530983645256,0.9180327868852459,0.1052363335200077,28.066495490074157
