dt_mean,dt_std,knn_mean,knn_std,rf_mean,rf_std,svm_mean,svm_std
0.710458861366575,0.14615852005062696,0.7664981804195106,0.16825633160227116,0.73600864420631,0.16415545420623082,0.6058909469875727,0.14529155227388726
