dt_mean,dt_std,dt_time,knn_mean,knn_std,knn_time,rf_mean,rf_std,rf_time,svm_mean,svm_std,svm_time
0.4098451188518636,0.06412039670582959,0.2659357309341431,0.42906261737947055,0.08199807693922197,0.08647913932800293,0.43158494764195343,0.08477518605082435,5.721459364891052,0.33429104967923556,0.06260310997824167,16.424299812316896
