dt_mean,dt_std,dt_time,knn_mean,knn_std,knn_time,rf_mean,rf_std,rf_time,svm_mean,svm_std,svm_time
0.5879166666666668,0.17128446530714792,0.003734850883483887,0.5908333333333333,0.17104458483097323,0.0018452882766723632,0.6604166666666667,0.18611758902490771,0.12384939193725586,0.26666666666666666,0.03333333333333333,0.0052558183670043945
