dt_mean,dt_std,dt_time,knn_mean,knn_std,knn_time,rf_mean,rf_std,rf_time,svm_mean,svm_std,svm_time
0.6711111111111111,0.17793048996520877,0.0022843122482299806,0.7,0.09686442096757054,0.001164388656616211,0.75,0.14540280364780447,1.0265015363693237,0.36111111111111116,0.056927504255331114,0.006466341018676758
