dt_mean,dt_percent,dt_std,dt_time,knn_mean,knn_percent,knn_std,knn_time,rf_mean,rf_percent,rf_std,rf_time,svm_mean,svm_percent,svm_std,svm_time
0.4168274548925677,0.8290598290598291,0.09318514720160172,0.265359902381897,0.42518426029199097,0.8290598290598291,0.0950289609222787,0.20467541217803956,0.4244361685014483,0.8290598290598291,0.08428904330840227,14.592328596115113,0.3710341784964929,0.9230769230769231,0.07254027748931322,5.643105149269104
