dt_mean,dt_percent,dt_std,knn_mean,knn_percent,knn_std,rf_mean,rf_percent,rf_std,svm_mean,svm_percent,svm_std
0.4265530713914224,0.708029197080292,0.09354149888622466,0.4220433182352824,0.708029197080292,0.09816441223866643,0.4263651971091885,0.708029197080292,0.08330999558102992,0.3665166026179098,0.8571428571428571,0.07027109474712674
