dt_mean,dt_percent,dt_std,dt_time,knn_mean,knn_percent,knn_std,knn_time,rf_mean,rf_percent,rf_std,rf_time,svm_mean,svm_percent,svm_std,svm_time
0.725962051627359,0.7910447761194029,0.16019885196448466,0.010907483100891114,0.7915886318903302,0.9402985074626866,0.13729757876048262,0.008246421813964844,0.73769962630018,0.8955223880597015,0.17447240951570825,1.4518406391143799,0.701235621765137,0.9402985074626866,0.1721957152697722,11.679878282546998
