dt_mean,dt_percent,dt_std,dt_time,knn_mean,knn_percent,knn_std,knn_time,rf_mean,rf_percent,rf_std,rf_time,svm_mean,svm_percent,svm_std,svm_time
0.495,0.905982905982906,0.22224236019865037,0.006452417373657227,0.6220833333333333,0.8547008547008547,0.16348048218535313,0.004928779602050781,0.6241666666666666,0.8547008547008547,0.18908404950650326,2.0616466760635377,0.26666666666666666,0.905982905982906,0.03333333333333333,0.007753133773803711
