dt_mean,dt_percent,dt_std,knn_mean,knn_percent,knn_std,rf_mean,rf_percent,rf_std,svm_mean,svm_percent,svm_std
0.41828350314292023,0.828125,0.09476306455501513,0.4141465485213033,0.828125,0.09822693651843667,0.4210886223811281,0.6714285714285714,0.08177963968008244,0.3786841191199632,0.8571428571428571,0.07984832082222196
