dt_mean,dt_percent,dt_std,knn_mean,knn_percent,knn_std,rf_mean,rf_percent,rf_std,svm_mean,svm_percent,svm_std
0.7299936549684044,0.8108108108108109,0.1373683914422347,0.7804256590583839,0.8108108108108109,0.14404849306684428,0.7425369863066257,0.654320987654321,0.18509442867140147,0.6676211359093298,0.8873239436619719,0.20335440567425198
