dt_mean,dt_percent,dt_std,knn_mean,knn_percent,knn_std,rf_mean,rf_percent,rf_std,svm_mean,svm_percent,svm_std
0.4208200857957169,0.6595744680851063,0.10738713532431411,0.4368836366871599,0.813953488372093,0.08526561356213919,0.4292723981312796,0.7333333333333333,0.10072400785833961,0.3826987317252642,0.813953488372093,0.06021158646983161
