dt_mean,dt_percent,dt_std,dt_time,knn_mean,knn_percent,knn_std,knn_time,rf_mean,rf_percent,rf_std,rf_time,svm_mean,svm_percent,svm_std,svm_time
0.3931039668363606,0.6111111111111112,0.08155832279495073,0.15802147388458251,0.44555191328136656,0.6111111111111112,0.09756094160319675,0.030795955657958986,0.432983768736792,0.6111111111111112,0.08976861117009866,10.687660694122314,0.3467685076347273,0.8055555555555556,0.06644413920326643,4.815668320655822
