dt_mean,dt_percent,dt_std,knn_mean,knn_percent,knn_std,rf_mean,rf_percent,rf_std,svm_mean,svm_percent,svm_std
0.39452804698346017,0.7142857142857143,0.07853251402935392,0.4046565301005402,0.6744186046511628,0.0780263980768276,0.4163505113584847,0.6744186046511628,0.10996545424921361,0.2802595539555327,0.6744186046511628,0.06317678711539836
