dt_mean,dt_percent,dt_std,knn_mean,knn_percent,knn_std,rf_mean,rf_percent,rf_std,svm_mean,svm_percent,svm_std
0.43601032585807975,0.7142857142857143,0.11851804062718221,0.4173706354487304,0.6744186046511628,0.10602279333297283,0.46705222644302263,0.6744186046511628,0.08397737857364639,0.31095952849859365,0.8947368421052632,0.09758289442696995
