dt_mean,dt_percent,dt_std,dt_time,knn_mean,knn_percent,knn_std,knn_time,rf_mean,rf_percent,rf_std,rf_time,svm_mean,svm_percent,svm_std,svm_time
0.3765283074655986,0.8,0.10844222277672266,0.015738749504089357,0.4161156595935105,0.8,0.10275994915592555,0.03731141090393066,0.4072068368421233,0.8,0.10358337852069835,1.2941746234893798,0.4121704389661838,0.8,0.1427549406787061,24.271239852905275
