dt_mean,dt_percent,dt_std,dt_time,knn_mean,knn_percent,knn_std,knn_time,rf_mean,rf_percent,rf_std,rf_time,svm_mean,svm_percent,svm_std,svm_time
0.43238746623397245,0.7142857142857143,0.11678567300695039,0.03521881103515625,0.4183304293485396,0.6744186046511628,0.10172890911180603,0.025911808013916016,0.4688402898857641,0.7142857142857143,0.09399549514101682,4.53760416507721,0.29351050482292285,0.8947368421052632,0.11544030725501872,51.96274826526642
