dt_mean,dt_percent,dt_std,dt_time,knn_mean,knn_percent,knn_std,knn_time,rf_mean,rf_percent,rf_std,rf_time,svm_mean,svm_percent,svm_std,svm_time
0.3864848097000142,0.8888888888888888,0.10891496612397697,0.01554887294769287,0.4133353705338504,0.8888888888888888,0.10048015658648639,0.03632843494415283,0.4091821234143119,0.8888888888888888,0.09929685663288461,4.475689172744751,0.4129270737256663,0.8888888888888888,0.14276619659428558,8.1273592710495
