dt_mean,dt_std,dt_time,knn_mean,knn_std,knn_time,rf_mean,rf_std,rf_time,svm_mean,svm_std,svm_time
0.4464340862226795,0.10686654839593131,0.09205048084259033,0.4529634913349355,0.10196726052995915,0.07788426876068115,0.4602909167575432,0.06664136845017515,7.619411921501159,0.2007291380166965,0.03024060156686043,6.890596342086792
