dt_mean,dt_percent,dt_std,dt_time,knn_mean,knn_percent,knn_std,knn_time,rf_mean,rf_percent,rf_std,rf_time,svm_mean,svm_percent,svm_std,svm_time
0.4187289711818293,0.8333333333333334,0.10848579323228205,0.031859326362609866,0.4173706354487304,0.8055555555555556,0.10602279333297283,0.02613399028778076,0.46680855781939384,0.8055555555555556,0.09010941455613823,9.02908809185028,0.2845975960604309,0.9444444444444444,0.10686988280729118,25.481784605979918
