dt_mean,dt_percent,dt_std,dt_time,knn_mean,knn_percent,knn_std,knn_time,rf_mean,rf_percent,rf_std,rf_time,svm_mean,svm_percent,svm_std,svm_time
0.4018117952295529,0.7142857142857143,0.06502996364267603,0.02664330005645752,0.4210866350150976,0.6744186046511628,0.09252495190599136,0.023935508728027344,0.4134700355130099,0.6744186046511628,0.10703447464099367,4.414715075492859,0.29181685043322486,0.7142857142857143,0.06920039995119207,37.175568437576295
