dt_mean,dt_percent,dt_std,knn_mean,knn_percent,knn_std,rf_mean,rf_percent,rf_std,svm_mean,svm_percent,svm_std
0.3966588464708135,0.8,0.12619049001712443,0.4077724711822713,0.6363636363636364,0.102697343503839,0.41199475526884133,0.8,0.09932774640524535,0.41132524160682227,0.8,0.1489431662459213
