dt_mean,dt_percent,dt_std,knn_mean,knn_percent,knn_std,rf_mean,rf_percent,rf_std,svm_mean,svm_percent,svm_std
0.3861214729705629,0.44,0.07776030803696543,0.4552297230893342,0.44,0.09853746567133922,0.4298816053935134,0.6363636363636364,0.07316802815396191,0.2779412642429322,0.44,0.04062757341268737
