dt_mean,dt_percent,dt_std,dt_time,knn_mean,knn_percent,knn_std,knn_time,rf_mean,rf_percent,rf_std,rf_time,svm_mean,svm_percent,svm_std,svm_time
0.4055669673271266,0.8333333333333334,0.07951696378599209,0.023443961143493654,0.4008358242168458,0.8055555555555556,0.08485898769635639,0.025055456161499023,0.40867125767479173,0.8333333333333334,0.09401844455747385,2.3102249622344972,0.24487682517886727,0.8333333333333334,0.050483066729447516,7.902357077598571
