dt_mean,dt_percent,dt_std,dt_time,knn_mean,knn_percent,knn_std,knn_time,rf_mean,rf_percent,rf_std,rf_time,svm_mean,svm_percent,svm_std,svm_time
0.38400876792021305,0.44,0.08142552886463689,0.13496978282928468,0.4323099061454694,0.44,0.10037390605229286,0.0325657844543457,0.434146223652726,0.44,0.09351980999912296,7.697904491424561,0.2040699735555062,0.44,0.029282671361201655,4.07987699508667
