dt_mean,dt_std,knn_mean,knn_std,rf_mean,rf_std,svm_mean,svm_std
0.4377735237903031,0.09816318053887473,0.4529634913349355,0.10196726052995915,0.4569071322684401,0.0745948397602448,0.1892979055900438,0.018796780695277186
