dt_mean,dt_std,dt_time,knn_mean,knn_std,knn_time,rf_mean,rf_std,rf_time,svm_mean,svm_std,svm_time
0.43354533290400765,0.12027008124183299,0.09786500930786132,0.4492213023808717,0.11484299969748703,0.07447826862335205,0.4673430271005573,0.07711096416818397,8.186465001106262,0.24347784399138456,0.03567061438803267,7.325675749778748
