dt_mean,dt_percent,dt_std,dt_time,knn_mean,knn_percent,knn_std,knn_time,rf_mean,rf_percent,rf_std,rf_time,svm_mean,svm_percent,svm_std,svm_time
0.26814551767676764,0.7368421052631579,0.0760648687250053,0.015496969223022461,0.3044597763347764,0.7368421052631579,0.054956171767888896,0.006361722946166992,0.32244881854256857,0.7368421052631579,0.07267584646023172,2.252068781852722,0.211947601010101,0.8421052631578947,0.059017549875587764,0.10045011043548584
