dt_mean,dt_percent,dt_std,knn_mean,knn_percent,knn_std,rf_mean,rf_percent,rf_std,svm_mean,svm_percent,svm_std
0.3481316137566138,0.7959183673469388,0.07449030765262153,0.40614838864838865,0.660377358490566,0.087984105125643,0.41549242424242416,0.7254901960784313,0.09590470188394426,0.3091822991822992,0.660377358490566,0.05094962968691778
