dt_mean,dt_percent,dt_std,dt_time,knn_mean,knn_percent,knn_std,knn_time,rf_mean,rf_percent,rf_std,rf_time,svm_mean,svm_percent,svm_std,svm_time
0.40474990360516677,0.8679245283018868,0.12014788338827542,0.00826113224029541,0.40270495148126734,0.8301886792452831,0.09830868321145597,0.005207157135009766,0.4394463562753036,0.9056603773584906,0.10139036917365464,1.315212321281433,0.2867103495919285,0.7547169811320755,0.09761981987763822,0.07196996212005616
