dt_mean,dt_percent,dt_std,dt_time,knn_mean,knn_percent,knn_std,knn_time,rf_mean,rf_percent,rf_std,rf_time,svm_mean,svm_percent,svm_std,svm_time
0.349183503630872,0.7924528301886793,0.07838638883490007,0.005040955543518066,0.36349667437825334,0.7924528301886793,0.059878106582282896,0.003445720672607422,0.377207264957265,0.7924528301886793,0.0685368769109332,0.7378107070922851,0.3240915268941585,0.8867924528301887,0.08827563747735814,0.46108155250549315
