dt_mean,dt_std,dt_time,knn_mean,knn_std,knn_time,rf_mean,rf_std,rf_time,svm_mean,svm_std,svm_time
0.3727164502164502,0.11786443009771044,0.013806629180908202,0.3797141053391053,0.11597540889429701,0.002703261375427246,0.4197886604136604,0.08599888794706677,1.7998565912246705,0.2521272246272247,0.03997076905350954,0.1007983922958374
