dt_mean,dt_std,dt_time,knn_mean,knn_std,knn_time,rf_mean,rf_std,rf_time,svm_mean,svm_std,svm_time
0.348110550268445,0.14929092615319225,0.012361717224121094,0.3800813163444742,0.0894330578231736,0.0030592918395996095,0.3490297567929147,0.12362123672057497,0.2739874839782715,0.3020671112513218,0.08491932317824477,0.290493106842041
