dt_mean,dt_percent,dt_std,dt_time,knn_mean,knn_percent,knn_std,knn_time,rf_mean,rf_percent,rf_std,rf_time,svm_mean,svm_percent,svm_std,svm_time
0.25058080808080807,0.543859649122807,0.06520678089439545,0.004636549949645996,0.28232931998557,0.7543859649122807,0.08331132032294757,0.002479815483093262,0.2919494047619048,0.543859649122807,0.07253535652326482,1.5650339603424073,0.22443181818181818,0.8245614035087719,0.07112152509047585,0.08261196613311768
