dt_mean,dt_percent,dt_std,knn_mean,knn_percent,knn_std,rf_mean,rf_percent,rf_std,svm_mean,svm_percent,svm_std
0.3732574968890758,0.6756756756756757,0.13205091717497752,0.38337824456245506,0.631578947368421,0.1212709628663632,0.3561695322221638,0.631578947368421,0.12548581090229965,0.3455121486700434,0.5121951219512195,0.10406328151520389
