dt_mean,dt_percent,dt_std,dt_time,knn_mean,knn_percent,knn_std,knn_time,rf_mean,rf_percent,rf_std,rf_time,svm_mean,svm_percent,svm_std,svm_time
0.3009920634920635,0.76,0.079295513743936,0.006314492225646973,0.3801031144781145,0.660377358490566,0.10609157946906701,0.0043274879455566405,0.375150012025012,0.543859649122807,0.08555351861880428,1.599984049797058,0.27239508177008176,0.7254901960784313,0.048504351827205396,0.06116592884063721
