dt_mean,dt_percent,dt_std,knn_mean,knn_percent,knn_std,rf_mean,rf_percent,rf_std,svm_mean,svm_percent,svm_std
0.3568917325364694,0.65625,0.09925092943253963,0.36103131225499646,0.65625,0.08538407140802386,0.3879906657669816,0.65625,0.07971977294262994,0.3276663132189448,0.7966101694915254,0.08066571229448248
