dt_mean,dt_percent,dt_std,dt_time,knn_mean,knn_percent,knn_std,knn_time,rf_mean,rf_percent,rf_std,rf_time,svm_mean,svm_percent,svm_std,svm_time
0.3190545334295334,0.7045454545454546,0.1032586731523371,0.011309671401977538,0.3568951418951419,0.7954545454545454,0.11041262220215202,0.004963397979736328,0.37635642135642133,0.7954545454545454,0.08926684453974247,3.123621940612793,0.2925775613275613,0.8636363636363636,0.05949409680572629,0.0719376564025879
