dt_mean,dt_std,knn_mean,knn_std,rf_mean,rf_std,svm_mean,svm_std
0.3977254675149412,0.07478043794101981,0.42082200694042793,0.10481283433311774,0.4312065901934323,0.08789691461169546,0.2636668433905276,0.08212731435710302
