dt_mean,dt_percent,dt_std,dt_time,knn_mean,knn_percent,knn_std,knn_time,rf_mean,rf_percent,rf_std,rf_time,svm_mean,svm_percent,svm_std,svm_time
0.24520202020202025,0.5172413793103449,0.0852222358268577,0.004618287086486816,0.35258778258778256,0.5172413793103449,0.0827920528925298,0.0026767492294311524,0.4134656084656084,0.5172413793103449,0.09923490846920183,1.7244802236557006,0.30517556517556516,0.5172413793103449,0.06276474346042994,0.07610523700714111
