dt_mean,dt_std,dt_time,knn_mean,knn_std,knn_time,rf_mean,rf_std,rf_time,svm_mean,svm_std,svm_time
0.27518150252525253,0.07996482122789583,0.013906145095825195,0.3070864898989899,0.07626824271569871,0.003115057945251465,0.3017670003607503,0.07585655933856354,2.803538966178894,0.1491213474025974,0.05862990205626461,0.13797540664672853
