dt_mean,dt_percent,dt_std,knn_mean,knn_percent,knn_std,rf_mean,rf_percent,rf_std,svm_mean,svm_percent,svm_std
0.23508567821067822,0.7272727272727273,0.04343025474171175,0.26061598124098123,0.6285714285714286,0.07716136271789911,0.2614497655122655,0.6285714285714286,0.0637603402373086,0.24679202741702744,0.6285714285714286,0.08061200133041853
