dt_mean,dt_percent,dt_std,dt_time,knn_mean,knn_percent,knn_std,knn_time,rf_mean,rf_percent,rf_std,rf_time,svm_mean,svm_percent,svm_std,svm_time
0.38313230190861775,0.5849056603773585,0.07240238529050322,0.005985093116760254,0.3613380245485508,0.5849056603773585,0.0772966995292168,0.002935481071472168,0.4225633153396311,0.5849056603773585,0.11600810721734904,2.3035858631134034,0.31326246706509864,0.9056603773584906,0.0556076670035052,0.3153123140335083
