dt_mean,dt_percent,dt_std,dt_time,knn_mean,knn_percent,knn_std,knn_time,rf_mean,rf_percent,rf_std,rf_time,svm_mean,svm_percent,svm_std,svm_time
0.3943237099158151,0.41333333333333333,0.09578116081969971,0.006343531608581543,0.39989537947432685,0.41333333333333333,0.10170471749619649,0.0030089855194091798,0.4246466486729644,0.41333333333333333,0.11754970358372491,1.0986807584762572,0.3235287738577212,0.8275862068965517,0.0667988514156492,0.3763277530670166
