dt_mean,dt_percent,dt_std,dt_time,knn_mean,knn_percent,knn_std,knn_time,rf_mean,rf_percent,rf_std,rf_time,svm_mean,svm_percent,svm_std,svm_time
0.39259493284493285,0.8490566037735849,0.10476269814435636,0.004522991180419922,0.41232141250562304,0.8490566037735849,0.09457072055919565,0.004099297523498535,0.4126528822055137,0.8490566037735849,0.09294549108326282,0.14901251792907716,0.30851961634856373,0.8867924528301887,0.08611041612618713,0.08773219585418701
