dt_mean,dt_percent,dt_std,dt_time,knn_mean,knn_percent,knn_std,knn_time,rf_mean,rf_percent,rf_std,rf_time,svm_mean,svm_percent,svm_std,svm_time
0.3880115995115996,0.7377049180327869,0.10274814341877951,0.005727601051330566,0.4139880791722897,0.7377049180327869,0.09211885336563878,0.00385589599609375,0.41828614806246395,0.7377049180327869,0.08583656788217658,2.9542657136917114,0.32859196067090807,0.7966101694915254,0.1003803868567263,0.06440792083740235
