dt_mean,dt_percent,dt_std,knn_mean,knn_percent,knn_std,rf_mean,rf_percent,rf_std,svm_mean,svm_percent,svm_std
0.3646361387150861,0.7222222222222222,0.11975225636967084,0.3638706322916849,0.7222222222222222,0.09701638156365186,0.35064052906158166,0.6756756756756757,0.09342519195360437,0.33899673133883657,0.6756756756756757,0.11153139507699432
