dt_mean,dt_std,knn_mean,knn_std,rf_mean,rf_std,svm_mean,svm_std
0.31095689033189033,0.11389699216849723,0.3869167869167869,0.11416878684363536,0.4157608826358826,0.08283673181066255,0.27610269360269357,0.06467135851486182
