dt_mean,dt_percent,dt_std,knn_mean,knn_percent,knn_std,rf_mean,rf_percent,rf_std,svm_mean,svm_percent,svm_std
0.33959595959595956,0.660377358490566,0.10081855127821264,0.40004629629629634,0.660377358490566,0.0945726413737638,0.422335557960558,0.76,0.11550188663542632,0.3699531024531025,0.76,0.07675699637212813
