dt_mean,dt_percent,dt_std,knn_mean,knn_percent,knn_std,rf_mean,rf_percent,rf_std,svm_mean,svm_percent,svm_std
0.2545973124098124,0.37349397590361444,0.05689452462595655,0.2885387355699855,0.37349397590361444,0.07590815442170973,0.29558576839826844,0.37349397590361444,0.06948984593450964,0.2286564303751804,0.7014925373134329,0.07036684253837701
