dt_mean,dt_percent,dt_std,knn_mean,knn_percent,knn_std,rf_mean,rf_percent,rf_std,svm_mean,svm_percent,svm_std
0.21759499759499762,0.6923076923076923,0.07036006441208012,0.3328370009620009,0.5172413793103449,0.0812888047939385,0.4192099567099567,0.5172413793103449,0.11292903590800527,0.3101945045695046,0.5172413793103449,0.06929012869872606
