dt_mean,dt_percent,dt_std,knn_mean,knn_percent,knn_std,rf_mean,rf_percent,rf_std,svm_mean,svm_percent,svm_std
0.2782916215728716,0.6764705882352942,0.07659781184670293,0.3026591810966811,0.7272727272727273,0.047587117117113616,0.33170409451659455,0.5833333333333334,0.067750211806019,0.15986291486291487,0.78125,0.05709910652305392
