dt_mean,dt_percent,dt_std,dt_time,knn_mean,knn_percent,knn_std,knn_time,rf_mean,rf_percent,rf_std,rf_time,svm_mean,svm_percent,svm_std,svm_time
0.31371392496392503,0.6818181818181818,0.07432867838095403,0.003797745704650879,0.40172348484848486,0.6818181818181818,0.07504867605632101,0.002807760238647461,0.42235449735449737,0.6818181818181818,0.09877830207474836,0.30633082389831545,0.35984126984126985,0.6818181818181818,0.10545234089738467,0.1719984769821167
