dt_mean,dt_std,dt_time,knn_mean,knn_std,knn_time,rf_mean,rf_std,rf_time,svm_mean,svm_std,svm_time
0.271907693001443,0.07831184292709592,0.013082623481750488,0.3070864898989899,0.07626824271569871,0.003975462913513183,0.30239538239538244,0.09815343481217524,0.09005196094512939,0.1327353896103896,0.05434415309213572,0.14588711261749268
