dt_mean,dt_std,dt_time,knn_mean,knn_std,knn_time,rf_mean,rf_std,rf_time,svm_mean,svm_std,svm_time
0.39522546751494125,0.07794324301029731,0.008095049858093261,0.42082200694042793,0.10481283433311774,0.003406262397766113,0.4275206927575349,0.07972601330882932,2.0321282148361206,0.2667437664674507,0.08754623011720376,0.12047119140625
