dt_mean,dt_percent,dt_std,knn_mean,knn_percent,knn_std,rf_mean,rf_percent,rf_std,svm_mean,svm_percent,svm_std
0.3071777296777297,0.660377358490566,0.11156707322479606,0.3750496031746032,0.7254901960784313,0.09775370184905165,0.3811348605098605,0.543859649122807,0.08199672811969247,0.27774170274170273,0.7254901960784313,0.052599439545236465
