dt_mean,dt_std,dt_time,knn_mean,knn_std,knn_time,rf_mean,rf_std,rf_time,svm_mean,svm_std,svm_time
0.395994698284172,0.0771766872959265,0.010011625289916993,0.42082200694042793,0.10481283433311774,0.0036627531051635744,0.432272154745839,0.0842296438156596,2.6472883462905883,0.25723827196195614,0.08121073661170053,0.14281206130981444
