dt_mean,dt_percent,dt_std,dt_time,knn_mean,knn_percent,knn_std,knn_time,rf_mean,rf_percent,rf_std,rf_time,svm_mean,svm_percent,svm_std,svm_time
0.3243542568542569,0.660377358490566,0.08975467551486077,0.004110288619995117,0.3633612914862915,0.660377358490566,0.06576765938507748,0.00394589900970459,0.4248421717171717,0.76,0.11298289230596976,0.146897554397583,0.36487373737373735,0.76,0.07806014615429786,0.21553125381469726
