dt_mean,dt_percent,dt_std,dt_time,knn_mean,knn_percent,knn_std,knn_time,rf_mean,rf_percent,rf_std,rf_time,svm_mean,svm_percent,svm_std,svm_time
0.2584769570707071,0.37349397590361444,0.05300690213503953,0.0048488140106201175,0.2848493867243867,0.37349397590361444,0.060842592685808855,0.0032700300216674805,0.28202223124098125,0.37349397590361444,0.0701058952905061,2.4384954929351808,0.23015196608946606,0.7014925373134329,0.071398677573628,0.31534910202026367
