dt_mean,dt_std,knn_mean,knn_std,rf_mean,rf_std,svm_mean,svm_std
0.34682849898639373,0.1493804250088262,0.3800813163444742,0.0894330578231736,0.3460743905217589,0.11869759880523786,0.35024014581909324,0.10239325301358601
