dt_mean,dt_percent,dt_std,dt_time,knn_mean,knn_percent,knn_std,knn_time,rf_mean,rf_percent,rf_std,rf_time,svm_mean,svm_percent,svm_std,svm_time
0.35629931472036735,0.9354838709677419,0.08669660335481434,0.00401463508605957,0.38437166342429496,0.8064516129032258,0.10454186130732859,0.002885746955871582,0.3417126820547872,0.8064516129032258,0.08079528710573126,0.6648349285125732,0.34586818152607623,0.9354838709677419,0.10680990560126755,0.23946330547332764
