dt_mean,dt_percent,dt_std,knn_mean,knn_percent,knn_std,rf_mean,rf_percent,rf_std,svm_mean,svm_percent,svm_std
0.3875655484866011,0.7096774193548387,0.07295076772598832,0.41398669751301337,0.7666666666666667,0.1066569079911581,0.4329185784975259,0.8275862068965517,0.1132397944484278,0.3130806503438083,0.8275862068965517,0.09261514920862543
