dt_mean,dt_percent,dt_std,dt_time,knn_mean,knn_percent,knn_std,knn_time,rf_mean,rf_percent,rf_std,rf_time,svm_mean,svm_percent,svm_std,svm_time
0.31880619380619385,0.8235294117647058,0.11342892994802264,0.0025936126708984374,0.3654626659889818,0.5897435897435898,0.08400827260516798,0.0018337488174438477,0.3441635615846142,0.5897435897435898,0.11589208228925862,0.9521462440490722,0.3406227456753772,0.5897435897435898,0.12353394145261765,0.9539046287536621
