dt_mean,dt_std,dt_time,knn_mean,knn_std,knn_time,rf_mean,rf_std,rf_time,svm_mean,svm_std,svm_time
0.3541850897640372,0.14625671886078162,0.014706802368164063,0.3800813163444742,0.0894330578231736,0.0034650325775146484,0.3553065326486379,0.12030478894239686,1.0689496755599976,0.34587549292812453,0.10624502987234645,0.22869679927825928
