dt_mean,dt_percent,dt_std,knn_mean,knn_percent,knn_std,rf_mean,rf_percent,rf_std,svm_mean,svm_percent,svm_std
0.3763639635218583,0.8787878787878788,0.06973146429489645,0.37040792540792544,0.8235294117647058,0.11985433393145166,0.3416829457092615,0.6756756756756757,0.12774660650203729,0.33521005894690103,0.8787878787878788,0.09798500102342693
