dt_mean,dt_std,dt_time,knn_mean,knn_std,knn_time,rf_mean,rf_std,rf_time,svm_mean,svm_std,svm_time
0.30856782106782105,0.13484494049153709,0.01178591251373291,0.3797141053391053,0.11597540889429701,0.0028804779052734376,0.41840698653198655,0.07927053862438899,2.114922785758972,0.2800378787878788,0.07546009991194803,0.11613149642944336
