dt_mean,dt_percent,dt_std,dt_time,knn_mean,knn_percent,knn_std,knn_time,rf_mean,rf_percent,rf_std,rf_time,svm_mean,svm_percent,svm_std,svm_time
0.358989898989899,0.7954545454545454,0.09085915739220307,0.0067302465438842775,0.38717953342953343,0.8409090909090909,0.09562822101853781,0.004521393775939941,0.4190891053391053,0.8409090909090909,0.10534963609965088,1.1401170015335083,0.3203427128427129,0.8863636363636364,0.06861764348218449,0.09434995651245118
