dt_mean,dt_percent,dt_std,knn_mean,knn_percent,knn_std,rf_mean,rf_percent,rf_std,svm_mean,svm_percent,svm_std
0.39259493284493285,0.7377049180327869,0.10476269814435636,0.4141269680611786,0.7377049180327869,0.0937066519040248,0.42049689929953094,0.7377049180327869,0.08226211020392216,0.3229806567701305,0.7966101694915254,0.08375686206745533
