dt_mean,dt_percent,dt_std,dt_time,knn_mean,knn_percent,knn_std,knn_time,rf_mean,rf_percent,rf_std,rf_time,svm_mean,svm_percent,svm_std,svm_time
0.3639058310110942,0.8787878787878788,0.08060545147717048,0.0030343294143676757,0.3635221795748112,0.8235294117647058,0.11273141174895011,0.0029863834381103514,0.3492263876474403,0.6756756756756757,0.1141010722140213,2.1398637294769287,0.3455631824316035,0.8787878787878788,0.1223343506534432,0.9790406227111816
