dt_mean,dt_percent,dt_std,dt_time,knn_mean,knn_percent,knn_std,knn_time,rf_mean,rf_percent,rf_std,rf_time,svm_mean,svm_percent,svm_std,svm_time
0.33877164502164503,0.7254901960784313,0.08250424540428082,0.006856584548950195,0.40614838864838865,0.660377358490566,0.087984105125643,0.004188251495361328,0.41679052429052427,0.660377358490566,0.10457758959273152,0.931733512878418,0.3078363997113997,0.7959183673469388,0.06573677381948578,0.09595284461975098
