dt_mean,dt_percent,dt_std,dt_time,knn_mean,knn_percent,knn_std,knn_time,rf_mean,rf_percent,rf_std,rf_time,svm_mean,svm_percent,svm_std,svm_time
0.3893711040421567,0.7096774193548387,0.07549403844651413,0.010212016105651856,0.39917269134374395,0.7096774193548387,0.09389082181650567,0.005581021308898926,0.4353571749887539,0.8275862068965517,0.11036108832024258,2.3285914182662966,0.27695112781954884,0.8275862068965517,0.09350938119193447,0.07009849548339844
