dt_mean,dt_percent,dt_std,dt_time,knn_mean,knn_percent,knn_std,knn_time,rf_mean,rf_percent,rf_std,rf_time,svm_mean,svm_percent,svm_std,svm_time
0.3619076245392035,0.6756756756756757,0.10979856603143426,0.005411767959594726,0.3630004469214996,0.6756756756756757,0.11377969045421545,0.004031562805175781,0.3658810838284523,0.6756756756756757,0.1082435468271012,2.8686179399490355,0.32700969206232366,0.7714285714285715,0.10762462635606232,0.3204540729522705
