dt_mean,dt_percent,dt_std,dt_time,knn_mean,knn_percent,knn_std,knn_time,rf_mean,rf_percent,rf_std,rf_time,svm_mean,svm_percent,svm_std,svm_time
0.2674474657287157,0.6764705882352942,0.06908039218714404,0.010498976707458496,0.3056337932900433,0.6764705882352942,0.0818475312754527,0.00476377010345459,0.32798408189033196,0.5833333333333334,0.08161418244421621,3.448388171195984,0.16767068001443,0.78125,0.062418328390293126,0.06714990139007568
