dt_mean,dt_std,knn_mean,knn_std,rf_mean,rf_std,svm_mean,svm_std
0.27432922979797986,0.06970736913166227,0.30479685245310245,0.04948393148439101,0.30698931277056274,0.07080354075064545,0.11310876623376623,0.041583427745535625
