dt_mean,dt_percent,dt_std,dt_time,knn_mean,knn_percent,knn_std,knn_time,rf_mean,rf_percent,rf_std,rf_time,svm_mean,svm_percent,svm_std,svm_time
0.3598083992031361,0.65625,0.09845791278229712,0.004414749145507812,0.3645841687552213,0.65625,0.08877349143523046,0.004416179656982422,0.3970892616155774,0.65625,0.08029497458593905,1.8878015279769897,0.3333601471627788,0.65625,0.099097288130019,0.059362053871154785
