dt_mean,dt_percent,dt_std,knn_mean,knn_percent,knn_std,rf_mean,rf_percent,rf_std,svm_mean,svm_percent,svm_std
0.31793847964900596,0.5897435897435898,0.11305280113661843,0.3423397246028825,0.8235294117647058,0.07505977848169595,0.36188832220411166,0.5897435897435898,0.13014232500605835,0.3464387775966723,0.5897435897435898,0.1109778209865902
