dt_mean,dt_percent,dt_std,knn_mean,knn_percent,knn_std,rf_mean,rf_percent,rf_std,svm_mean,svm_percent,svm_std
0.26661390692640696,0.6521739130434783,0.06701454594240704,0.34790358946608946,0.6521739130434783,0.08628398170349194,0.3038255321067821,0.7272727272727273,0.07505578622705354,0.2214082792207792,0.8095238095238095,0.05368524542243778
