dt_mean,dt_percent,dt_std,dt_time,knn_mean,knn_percent,knn_std,knn_time,rf_mean,rf_percent,rf_std,rf_time,svm_mean,svm_percent,svm_std,svm_time
0.23689123376623375,0.7272727272727273,0.04139628416036778,0.005657649040222168,0.24894007034632032,0.6285714285714286,0.07083502420451356,0.0040265083312988285,0.2602389971139972,0.6285714285714286,0.06368118946735472,2.7672446250915526,0.2426569264069264,0.6285714285714286,0.07902808487464329,0.12712888717651366
