dt_mean,dt_percent,dt_std,dt_time,knn_mean,knn_percent,knn_std,knn_time,rf_mean,rf_percent,rf_std,rf_time,svm_mean,svm_percent,svm_std,svm_time
0.31754165425218056,0.7419354838709677,0.11271093608105023,0.003694319725036621,0.34980955886219045,0.7419354838709677,0.08353145428859729,0.002606821060180664,0.34702607334186275,0.7419354838709677,0.14647826584349768,1.9894866943359375,0.3360539840276683,0.7419354838709677,0.13227731639137139,0.47878146171569824
