dt_mean,dt_percent,dt_std,dt_time,knn_mean,knn_percent,knn_std,knn_time,rf_mean,rf_percent,rf_std,rf_time,svm_mean,svm_percent,svm_std,svm_time
0.2267755681818182,0.8947368421052632,0.05676196514574477,0.004546809196472168,0.23846252705627707,0.8421052631578947,0.07633882722636214,0.004363512992858887,0.2654270382395383,0.7719298245614035,0.06595577011926762,1.5702832221984864,0.25007485569985566,0.7719298245614035,0.07950801047432145,0.15218613147735596
