dt_mean,dt_percent,dt_std,dt_time,knn_mean,knn_percent,knn_std,knn_time,rf_mean,rf_percent,rf_std,rf_time,svm_mean,svm_percent,svm_std,svm_time
0.3878968808968809,0.8064516129032258,0.17049971283978307,0.008223915100097656,0.3847393103972051,0.8064516129032258,0.12304248967849714,0.004116272926330567,0.35573177115282373,0.6774193548387096,0.11138568030573631,2.3331247091293337,0.3390871584555795,0.8064516129032258,0.11768874551423235,0.17972118854522706
