dt_mean,dt_percent,dt_std,dt_time,knn_mean,knn_percent,knn_std,knn_time,rf_mean,rf_percent,rf_std,rf_time,svm_mean,svm_percent,svm_std,svm_time
0.3408723703197387,0.7222222222222222,0.11666386141475886,0.00338437557220459,0.35540790788159204,0.6756756756756757,0.09401951937350006,0.0035025358200073244,0.35437188542451703,0.6756756756756757,0.07699841713272049,0.05008354187011719,0.30814117461485885,0.8787878787878788,0.09169086820024662,0.6422082424163819
