dt_mean,dt_percent,dt_std,dt_time,knn_mean,knn_percent,knn_std,knn_time,rf_mean,rf_percent,rf_std,rf_time,svm_mean,svm_percent,svm_std,svm_time
0.3539252645502646,0.8636363636363636,0.10902068462393993,0.005298471450805664,0.3007473544973545,0.7954545454545454,0.10431469171702615,0.003699970245361328,0.41424753487253485,0.7954545454545454,0.08822851638563643,0.37371971607208254,0.3414763708513709,0.8636363636363636,0.09321000502858084,0.09944851398468017
