dt_mean,dt_percent,dt_std,dt_time,knn_mean,knn_percent,knn_std,knn_time,rf_mean,rf_percent,rf_std,rf_time,svm_mean,svm_percent,svm_std,svm_time
0.268822601010101,0.8421052631578947,0.04651672558773765,0.005904555320739746,0.3138083964646464,0.8421052631578947,0.09980336127520055,0.0055600166320800785,0.31840954184704184,0.7894736842105263,0.06817137543965725,1.8361622095108032,0.258357683982684,0.8947368421052632,0.05240796659644594,0.13345468044281006
