dt_mean,dt_percent,dt_std,dt_time,knn_mean,knn_percent,knn_std,knn_time,rf_mean,rf_percent,rf_std,rf_time,svm_mean,svm_percent,svm_std,svm_time
0.2657517135642136,0.7272727272727273,0.05231460465265565,0.006078767776489258,0.3267618145743145,0.6521739130434783,0.08442267857468529,0.004381299018859863,0.32138843795093797,0.6521739130434783,0.07227811648257987,2.9469572782516478,0.22806457431457433,0.8095238095238095,0.04935593706888101,0.08863945007324218
