dt_mean,dt_percent,dt_std,knn_mean,knn_percent,knn_std,rf_mean,rf_percent,rf_std,svm_mean,svm_percent,svm_std
0.41009946340209497,0.41333333333333333,0.10950770685182094,0.3558538975644238,0.41333333333333333,0.07336062781593457,0.4230633153396311,0.41333333333333333,0.10867005040568699,0.3296605777263672,0.8275862068965517,0.06420841556888701
