dt_mean,dt_percent,dt_std,dt_time,knn_mean,knn_percent,knn_std,knn_time,rf_mean,rf_percent,rf_std,rf_time,svm_mean,svm_percent,svm_std,svm_time
0.3679157479946954,0.8387096774193549,0.10458187414402093,0.0034450531005859376,0.37155292076344704,0.8064516129032258,0.09110947549576827,0.0031736135482788087,0.3546932424300845,0.8387096774193549,0.07463572158687629,1.3920616626739502,0.32359241343451867,0.8387096774193549,0.11712385681277597,0.47584583759307864
