dt_mean,dt_percent,dt_std,dt_time,knn_mean,knn_percent,knn_std,knn_time,rf_mean,rf_percent,rf_std,rf_time,svm_mean,svm_percent,svm_std,svm_time
0.44875180375180374,0.9416666666666667,0.06783515135771898,0.0024299860000610352,0.3825974025974026,0.9416666666666667,0.05790868169586557,0.001721811294555664,0.4011652236652237,0.9333333333333333,0.08387932001925696,1.641504454612732,0.3617496392496392,0.9333333333333333,0.07372505010001616,0.009401631355285645
