dt_mean,dt_percent,dt_std,dt_time,knn_mean,knn_percent,knn_std,knn_time,rf_mean,rf_percent,rf_std,rf_time,svm_mean,svm_percent,svm_std,svm_time
0.4863203463203464,0.9047619047619048,0.12090906184756535,0.0023566484451293945,0.41952380952380947,0.7391304347826086,0.06703500594662053,0.003545689582824707,0.44512987012987004,0.8181818181818182,0.13952946579124895,0.8955268383026123,0.4279761904761905,0.9047619047619048,0.09782459390736786,0.02189769744873047
