dt_mean,dt_percent,dt_std,dt_time,knn_mean,knn_percent,knn_std,knn_time,rf_mean,rf_percent,rf_std,rf_time,svm_mean,svm_percent,svm_std,svm_time
0.4938095238095238,0.95,0.13312731631236208,0.002947282791137695,0.4586183261183261,0.9,0.1232693837558966,0.003127717971801758,0.45981601731601723,0.9,0.12263174215875589,0.8852441310882568,0.43442279942279943,0.95,0.08342724698203603,0.20986616611480713
