dt_mean,dt_percent,dt_std,dt_time,knn_mean,knn_percent,knn_std,knn_time,rf_mean,rf_percent,rf_std,rf_time,svm_mean,svm_percent,svm_std,svm_time
0.3899350649350649,0.6666666666666666,0.045925946643500616,0.008386468887329102,0.3813023088023088,0.8320610687022901,0.09603682520016696,0.007520413398742676,0.3898917748917749,0.6666666666666666,0.06502058221645682,0.8156952142715455,0.34452380952380957,0.8320610687022901,0.017392364159761597,0.010787749290466308
