dt_mean,dt_std,knn_mean,knn_std,rf_mean,rf_std,svm_mean,svm_std
0.41211038961038965,0.10725000600103889,0.38496753246753246,0.07993158703251098,0.40030303030303027,0.09616842925165422,0.3389285714285714,0.014226564051679986
