dt_mean,dt_percent,dt_std,knn_mean,knn_percent,knn_std,rf_mean,rf_percent,rf_std,svm_mean,svm_percent,svm_std
0.45102813852813856,0.7391304347826086,0.1184322668764062,0.39306277056277056,0.6666666666666666,0.03861760764385275,0.3941991341991342,0.9047619047619048,0.07582264058130773,0.38322510822510825,0.9047619047619048,0.05646424496364806
