dt_mean,dt_percent,dt_std,knn_mean,knn_percent,knn_std,rf_mean,rf_percent,rf_std,svm_mean,svm_percent,svm_std
0.48658008658008656,0.9047619047619048,0.11838252821605723,0.4301262626262627,0.7391304347826086,0.15618472325111754,0.45974025974025967,0.8181818181818182,0.1402747707194274,0.4072799422799423,0.9047619047619048,0.07241427420362298
