dt_mean,dt_percent,dt_std,dt_time,knn_mean,knn_percent,knn_std,knn_time,rf_mean,rf_percent,rf_std,rf_time,svm_mean,svm_percent,svm_std,svm_time
0.3951154401154401,0.8,0.08785359571805777,0.008973431587219239,0.38996753246753246,0.875,0.05367214831101539,0.008463644981384277,0.3895887445887446,0.8,0.0664723830366019,1.679392123222351,0.3423015873015872,0.9333333333333333,0.033725583256430054,0.009571290016174317
