dt_mean,dt_percent,dt_std,knn_mean,knn_percent,knn_std,rf_mean,rf_percent,rf_std,svm_mean,svm_percent,svm_std
0.3934307359307359,0.6666666666666666,0.04545609278957753,0.37737373737373736,0.875,0.10728487776705012,0.3967965367965368,0.6666666666666666,0.07658458919953572,0.3423015873015872,0.875,0.033725583256430054
