dt_mean,dt_percent,dt_std,dt_time,knn_mean,knn_percent,knn_std,knn_time,rf_mean,rf_percent,rf_std,rf_time,svm_mean,svm_percent,svm_std,svm_time
0.4229437229437229,0.7391304347826086,0.08193304027083999,0.0037828922271728516,0.4146284271284271,0.6666666666666666,0.09425300484432377,0.0024890661239624023,0.3947077922077922,0.7391304347826086,0.09923788564732777,1.5566801071166991,0.38679653679653675,0.9047619047619048,0.04878261609416192,0.1681671142578125
