dt_mean,dt_percent,dt_std,dt_time,knn_mean,knn_percent,knn_std,knn_time,rf_mean,rf_percent,rf_std,rf_time,svm_mean,svm_percent,svm_std,svm_time
0.43112193362193363,0.8,0.0977071451390093,0.004566764831542969,0.4076515151515151,0.8,0.04748096000637126,0.002752685546875,0.38908730158730154,0.85,0.09148892488334882,0.21878395080566407,0.41092712842712836,0.8,0.11281443335603727,0.059816622734069826
