dt_mean,dt_std,dt_time,knn_mean,knn_std,knn_time,rf_mean,rf_std,rf_time,svm_mean,svm_std,svm_time
0.39810245310245307,0.09442981652427601,0.00636448860168457,0.38460317460317456,0.12154198206537448,0.002035665512084961,0.42588744588744587,0.11893766862761188,0.23010616302490233,0.3389285714285714,0.014226564051679986,0.016901564598083497
