dt_mean,dt_std,dt_time,knn_mean,knn_std,knn_time,rf_mean,rf_std,rf_time,svm_mean,svm_std,svm_time
0.4033549783549783,0.10213373821429017,0.00841064453125,0.38496753246753246,0.07993158703251098,0.001769709587097168,0.41690476190476183,0.11266453956953518,0.13184354305267335,0.3552236652236652,0.06138814976700813,0.018311214447021485
