dt_mean,dt_percent,dt_std,dt_time,knn_mean,knn_percent,knn_std,knn_time,rf_mean,rf_percent,rf_std,rf_time,svm_mean,svm_percent,svm_std,svm_time
0.44620129870129865,0.889763779527559,0.06774048828657034,0.0015884637832641602,0.3764069264069264,0.889763779527559,0.05024228697930436,0.0016093969345092774,0.3994444444444444,0.875,0.09355686974730315,0.5373409509658813,0.35841630591630586,0.875,0.07138063758514843,0.005173325538635254
