dt_mean,dt_percent,dt_std,knn_mean,knn_percent,knn_std,rf_mean,rf_percent,rf_std,svm_mean,svm_percent,svm_std
0.4483441558441559,0.875,0.055538064491368326,0.3764069264069264,0.889763779527559,0.05024228697930436,0.40961760461760466,0.875,0.09219239721356397,0.3746176046176046,0.875,0.05851413376166372
