dt_mean,dt_percent,dt_std,dt_time,knn_mean,knn_percent,knn_std,knn_time,rf_mean,rf_percent,rf_std,rf_time,svm_mean,svm_percent,svm_std,svm_time
0.46349206349206346,0.7961783439490446,0.11772813740183277,0.00480341911315918,0.3952380952380952,0.7961783439490446,0.11328930717495543,0.0043981075286865234,0.34920634920634913,0.7961783439490446,0.1375101636226257,0.14673283100128173,0.3373015873015873,0.9490445859872612,0.11948332964049983,0.0077803611755371095
