dt_mean,dt_percent,dt_std,dt_time,knn_mean,knn_percent,knn_std,knn_time,rf_mean,rf_percent,rf_std,rf_time,svm_mean,svm_percent,svm_std,svm_time
0.4317460317460317,0.9490445859872612,0.13319153457649638,0.006015992164611817,0.369047619047619,0.8726114649681529,0.10737775543992199,0.008910846710205079,0.3634920634920635,0.8726114649681529,0.07417981870189158,1.2347373723983766,0.33333333333333337,0.9490445859872612,5.551115123125783e-17,0.008086228370666504
