dt_mean,dt_std,dt_time,knn_mean,knn_std,knn_time,rf_mean,rf_std,rf_time,svm_mean,svm_std,svm_time
0.41269841269841273,0.16914260689242178,0.005468153953552246,0.3865079365079365,0.14170834387611714,0.0015169143676757812,0.3992063492063492,0.12624038146656713,0.47809317111968996,0.33333333333333337,5.551115123125783e-17,0.006081819534301758
