dt_mean,dt_std,dt_time,knn_mean,knn_std,knn_time,rf_mean,rf_std,rf_time,svm_mean,svm_std,svm_time
0.43888888888888894,0.12929689507033776,0.005523777008056641,0.38095238095238104,0.0688237567894565,0.0013639211654663086,0.40634920634920635,0.15306559160646535,0.9284464120864868,0.33333333333333337,5.551115123125783e-17,0.006641864776611328
