dt_mean,dt_percent,dt_std,knn_mean,knn_percent,knn_std,rf_mean,rf_percent,rf_std,svm_mean,svm_percent,svm_std
0.45000000000000007,0.8802395209580839,0.16303874586447611,0.392063492063492,0.8362573099415205,0.1014011190710123,0.36507936507936506,0.8802395209580839,0.0919402568734894,0.33333333333333337,0.9030303030303031,5.551115123125783e-17
