dt_mean,dt_percent,dt_std,knn_mean,knn_percent,knn_std,rf_mean,rf_percent,rf_std,svm_mean,svm_percent,svm_std
0.42142857142857143,0.7348066298342542,0.09183400516645823,0.38095238095238104,0.6613756613756614,0.1059456926727952,0.35238095238095235,0.6613756613756614,0.13394605999866527,0.3476190476190476,0.815028901734104,0.12386038841205971
