dt_mean,dt_percent,dt_std,dt_time,knn_mean,knn_percent,knn_std,knn_time,rf_mean,rf_percent,rf_std,rf_time,svm_mean,svm_percent,svm_std,svm_time
0.4579365079365079,0.9030303030303031,0.10390765227625012,0.003394007682800293,0.42777777777777776,0.815028901734104,0.10855622747014451,0.0036369085311889647,0.39920634920634923,0.6613756613756614,0.1302192077847569,2.4432233333587647,0.353968253968254,0.9030303030303031,0.11458294681443776,0.008511090278625488
