dt_mean,dt_percent,dt_std,dt_time,knn_mean,knn_percent,knn_std,knn_time,rf_mean,rf_percent,rf_std,rf_time,svm_mean,svm_percent,svm_std,svm_time
0.4896825396825396,0.6613756613756614,0.10677774356360102,0.004636979103088379,0.3841269841269841,0.6613756613756614,0.12234584553995642,0.006284546852111816,0.35238095238095235,0.6613756613756614,0.13394605999866527,1.9387110948562623,0.3484126984126984,0.7348066298342542,0.07243123427544673,0.00591573715209961
