dt_mean,dt_percent,dt_std,knn_mean,knn_percent,knn_std,rf_mean,rf_percent,rf_std,svm_mean,svm_percent,svm_std
0.4428571428571428,0.6613756613756614,0.12811008745384808,0.4198412698412698,0.815028901734104,0.09024266716510715,0.43888888888888883,0.7348066298342542,0.11528716870199276,0.34444444444444444,0.9030303030303031,0.03333333333333333
