dt_mean,dt_std,knn_mean,knn_std,rf_mean,rf_std,svm_mean,svm_std
0.4650793650793651,0.10917819866042948,0.3952380952380953,0.08405207806269031,0.4015873015873016,0.14068901464228786,0.33333333333333337,5.551115123125783e-17
