dt_mean,dt_percent,dt_std,knn_mean,knn_percent,knn_std,rf_mean,rf_percent,rf_std,svm_mean,svm_percent,svm_std
0.43730158730158736,0.4672897196261682,0.10048070402861518,0.3650793650793651,0.7840909090909091,0.0933678804435095,0.43809523809523815,0.4672897196261682,0.09123878008380898,0.33333333333333337,0.4672897196261682,5.551115123125783e-17
