dt_mean,dt_percent,dt_std,dt_time,knn_mean,knn_percent,knn_std,knn_time,rf_mean,rf_percent,rf_std,rf_time,svm_mean,svm_percent,svm_std,svm_time
0.44523809523809527,0.8802395209580839,0.12730366542261365,0.006819891929626465,0.4,0.7740112994350282,0.1274890754092383,0.005227112770080566,0.3777777777777777,0.7740112994350282,0.0708263857692797,0.044958972930908205,0.33333333333333337,0.8362573099415205,5.551115123125783e-17,0.008980202674865722
