dt_mean,dt_percent,dt_std,dt_time,knn_mean,knn_percent,knn_std,knn_time,rf_mean,rf_percent,rf_std,rf_time,svm_mean,svm_percent,svm_std,svm_time
0.43730158730158736,0.6369426751592356,0.08704507770710547,0.004868865013122559,0.3761904761904762,0.6369426751592356,0.07914254515757403,0.002298116683959961,0.44444444444444436,0.6369426751592356,0.10095288010258949,0.9598095417022705,0.33333333333333337,0.6369426751592356,5.551115123125783e-17,0.0045624256134033205
