dt_mean,dt_percent,dt_std,dt_time,knn_mean,knn_percent,knn_std,knn_time,rf_mean,rf_percent,rf_std,rf_time,svm_mean,svm_percent,svm_std,svm_time
0.48809523809523814,0.9490445859872612,0.06993590269860382,0.00384063720703125,0.4341269841269842,0.8980891719745223,0.07462427935185081,0.0042464971542358395,0.4158730158730159,0.8980891719745223,0.09863007227241896,0.7205840826034546,0.35714285714285715,0.9490445859872612,0.06279377919000788,0.0044028997421264645
