dt_mean,dt_percent,dt_std,dt_time,knn_mean,knn_percent,knn_std,knn_time,rf_mean,rf_percent,rf_std,rf_time,svm_mean,svm_percent,svm_std,svm_time
0.4357142857142858,0.4672897196261682,0.0948039044412418,0.0028272390365600584,0.3738095238095238,0.7840909090909091,0.08050373655861706,0.0014702320098876954,0.43730158730158725,0.4672897196261682,0.0819768662560297,1.756848120689392,0.33333333333333337,0.4672897196261682,5.551115123125783e-17,0.005359339714050293
