dt_mean,dt_percent,dt_std,dt_time,knn_mean,knn_percent,knn_std,knn_time,rf_mean,rf_percent,rf_std,rf_time,svm_mean,svm_percent,svm_std,svm_time
0.10638775820990531,0.8823529411764706,0.02178016801767061,0.006830334663391113,0.10344947338185159,0.6410256410256411,0.02152106127234277,0.03156914710998535,0.10913359029157532,0.6410256410256411,0.019620848636610476,3.1963093519210815,0.10025394686579951,0.6410256410256411,0.01946122322814058,9.142953538894654
