dt_mean,dt_percent,dt_std,dt_time,knn_mean,knn_percent,knn_std,knn_time,rf_mean,rf_percent,rf_std,rf_time,svm_mean,svm_percent,svm_std,svm_time
0.1054972542799005,0.84375,0.02108885836017544,0.007426953315734864,0.10586888630104523,0.78125,0.03069553514211842,0.02883768081665039,0.10846168473377597,0.84375,0.019075458270638012,1.6680938720703125,0.10027959416142718,0.84375,0.013076635688905344,3.7494927644729614
