dt_mean,dt_percent,dt_std,dt_time,knn_mean,knn_percent,knn_std,knn_time,rf_mean,rf_percent,rf_std,rf_time,svm_mean,svm_percent,svm_std,svm_time
0.10829577461144121,0.4883720930232558,0.023118860537798124,0.04944000244140625,0.10629374956054152,0.6,0.03042990164784584,0.013896489143371582,0.10910349116390201,0.6842105263157895,0.025114152884191738,5.5098860502243046,0.08845763928608338,0.6,0.016918279162389756,3.7545867204666137
