dt_mean,dt_percent,dt_std,knn_mean,knn_percent,knn_std,rf_mean,rf_percent,rf_std,svm_mean,svm_percent,svm_std
0.10438282642737477,0.7297297297297297,0.022704820147308725,0.104540911892739,0.4883720930232558,0.02989250554535395,0.1071924532048006,0.9393939393939394,0.019040704995386796,0.10761829290546673,0.7297297297297297,0.01864315056866905
