dt_mean,dt_percent,dt_std,dt_time,knn_mean,knn_percent,knn_std,knn_time,rf_mean,rf_percent,rf_std,rf_time,svm_mean,svm_percent,svm_std,svm_time
0.10765029836563267,0.9393939393939394,0.022873419681463593,0.004009032249450683,0.10342324496006852,0.4883720930232558,0.02804003428592373,0.027431321144104005,0.10597191448426188,0.9393939393939394,0.017205514203212178,1.7677223920822143,0.10883302644778647,0.7297297297297297,0.020220932273395924,9.941735792160035
