dt_mean,dt_percent,dt_std,dt_time,knn_mean,knn_percent,knn_std,knn_time,rf_mean,rf_percent,rf_std,rf_time,svm_mean,svm_percent,svm_std,svm_time
0.10926315207998596,0.875,0.017947805459834106,0.02058084011077881,0.10640510856280128,0.75,0.028424944968570596,0.014072585105895995,0.10862276853625026,0.8125,0.024729843146916976,0.7048636674880981,0.08934541756350545,0.875,0.016757274555379294,4.2900118112564085
