dt_mean,dt_std,knn_mean,knn_std,rf_mean,rf_std,svm_mean,svm_std
0.10442712031835652,0.023269962665012113,0.10553313629145913,0.02941838394296192,0.10823638827437983,0.027047328630078665,0.08922736558213243,0.02024135609563525
