dt_mean,dt_std,dt_time,knn_mean,knn_std,knn_time,rf_mean,rf_std,rf_time,svm_mean,svm_std,svm_time
0.10442712031835652,0.023269962665012113,0.027781248092651367,0.1058773511987218,0.02933600638598053,0.04164896011352539,0.10741603548744842,0.026512985175428258,4.118088364601135,0.08699955032707055,0.021484650597082707,17.586265397071838
