dt_mean,dt_percent,dt_std,dt_time,knn_mean,knn_percent,knn_std,knn_time,rf_mean,rf_percent,rf_std,rf_time,svm_mean,svm_percent,svm_std,svm_time
0.10490838304576158,0.9375,0.026078202365605197,0.007650494575500488,0.10371809209525322,0.78125,0.020570144195568824,0.031116127967834473,0.10669310188077567,0.875,0.018436958275076347,2.0324925899505617,0.09858919779278627,0.9375,0.019276330717676975,21.67164523601532
