dt_mean,dt_percent,dt_std,knn_mean,knn_percent,knn_std,rf_mean,rf_percent,rf_std,svm_mean,svm_percent,svm_std
0.10731012336153485,0.7777777777777778,0.026454909006389367,0.10724364997243116,0.6,0.027538635958884727,0.10672816833048945,0.6,0.026157406762749087,0.08996585029573763,0.6842105263157895,0.018711374177857756
