dt_mean,dt_percent,dt_std,dt_time,knn_mean,knn_percent,knn_std,knn_time,rf_mean,rf_percent,rf_std,rf_time,svm_mean,svm_percent,svm_std,svm_time
0.10723277925302802,0.7297297297297297,0.020705274145868403,0.007158946990966797,0.1072424481439221,0.6410256410256411,0.030561991779057315,0.029446339607238768,0.10861499581492917,0.7297297297297297,0.01799272357133477,0.15060608386993407,0.09838195516930603,0.6410256410256411,0.01592989455080279,2.421638345718384
