dt_mean,dt_percent,dt_std,knn_mean,knn_percent,knn_std,rf_mean,rf_percent,rf_std,svm_mean,svm_percent,svm_std
0.10452851950159783,0.8823529411764706,0.020684775642811657,0.10519497188648277,0.6410256410256411,0.02406356675375232,0.1053897720135571,0.6410256410256411,0.02471014141537459,0.09822077418667656,0.8823529411764706,0.018995611361334146
