dt_mean,dt_percent,dt_std,dt_time,knn_mean,knn_percent,knn_std,knn_time,rf_mean,rf_percent,rf_std,rf_time,svm_mean,svm_percent,svm_std,svm_time
0.10785347960329668,0.96875,0.022273771687196,0.0040061712265014645,0.104540911892739,0.65625,0.02989250554535395,0.021046829223632813,0.10681337908397545,0.84375,0.020211759058216528,2.4326678991317747,0.10761829290546673,0.84375,0.01864315056866905,11.360097885131836
