dt_mean,dt_percent,dt_std,knn_mean,knn_percent,knn_std,rf_mean,rf_percent,rf_std,svm_mean,svm_percent,svm_std
0.10454948544678641,0.7297297297297297,0.02298623733033038,0.1072424481439221,0.6410256410256411,0.030561991779057315,0.11324554083497955,0.7297297297297297,0.018780294021065156,0.09905414101314672,0.6410256410256411,0.01574298618005852
