dt_mean,dt_std,dt_time,knn_mean,knn_std,knn_time,rf_mean,rf_std,rf_time,svm_mean,svm_std,svm_time
0.10442712031835652,0.023269962665012113,0.03212718963623047,0.1058773511987218,0.02933600638598053,0.03469560146331787,0.10692581119212081,0.026348374713412108,8.34238109588623,0.07906102319047398,0.023171270000650557,22.023078989982604
