dt_mean,dt_std,knn_mean,knn_std,rf_mean,rf_std,svm_mean,svm_std
0.5235720126916639,0.06388969720835949,0.43745607061606984,0.10949200689297145,0.5687804317553907,0.09592457268748202,0.3830929465914388,0.06177645596215912
