dt_mean,dt_percent,dt_std,dt_time,knn_mean,knn_percent,knn_std,knn_time,rf_mean,rf_percent,rf_std,rf_time,svm_mean,svm_percent,svm_std,svm_time
0.3360289243902689,0.654320987654321,0.0812863395809102,0.006367158889770508,0.30022266598947267,0.7402597402597403,0.09102792674761274,0.004477882385253906,0.383877525369122,0.8108108108108109,0.08785919837701305,0.9030291318893433,0.2862511863719847,0.654320987654321,0.08705222936592757,0.13464512825012206
