dt_mean,dt_percent,dt_std,knn_mean,knn_percent,knn_std,rf_mean,rf_percent,rf_std,svm_mean,svm_percent,svm_std
0.2657124938912269,0.7692307692307693,0.13196032751238695,0.32679390347376774,0.6727272727272727,0.10112126795892089,0.31414189170976503,0.6727272727272727,0.10599886636973287,0.3434509909396787,0.7692307692307693,0.10420359920402258
