dt_mean,dt_percent,dt_std,knn_mean,knn_percent,knn_std,rf_mean,rf_percent,rf_std,svm_mean,svm_percent,svm_std
0.3687217812131925,0.7692307692307693,0.07917100935097407,0.43055775792071926,0.7692307692307693,0.06619844849352974,0.42461433173079544,0.803921568627451,0.10312325076004615,0.4197583205731085,0.8775510204081632,0.08406280187097961
