dt_mean,dt_percent,dt_std,dt_time,knn_mean,knn_percent,knn_std,knn_time,rf_mean,rf_percent,rf_std,rf_time,svm_mean,svm_percent,svm_std,svm_time
0.2804696445250744,0.9347826086956522,0.13235774070934797,0.007299280166625977,0.3069694259569825,0.8043478260869565,0.1095347498477408,0.0061545133590698246,0.3113454433533619,0.8695652173913043,0.10428474268407077,3.6766873598098755,0.31795015358363776,0.9347826086956522,0.10769382097977032,0.3085398435592651
