dt_mean,dt_percent,dt_std,knn_mean,knn_percent,knn_std,rf_mean,rf_percent,rf_std,svm_mean,svm_percent,svm_std
0.26692084526118137,0.8356164383561644,0.08148249608957653,0.3089641048727183,0.8356164383561644,0.054013415409135394,0.3259701572936867,0.717948717948718,0.03190980059394145,0.2550295053919004,0.7866666666666666,0.02681753063146405
