dt_mean,dt_percent,dt_std,dt_time,knn_mean,knn_percent,knn_std,knn_time,rf_mean,rf_percent,rf_std,rf_time,svm_mean,svm_percent,svm_std,svm_time
0.28876599268001985,0.8913043478260869,0.13131216123435183,0.013606047630310059,0.31252832888579496,0.782608695652174,0.1284541383251369,0.008029770851135255,0.32357234164360865,0.8695652173913043,0.09162100532007247,3.3905988931655884,0.2942645886876656,0.9130434782608695,0.09566182571412783,0.25238063335418703
