dt_mean,dt_percent,dt_std,dt_time,knn_mean,knn_percent,knn_std,knn_time,rf_mean,rf_percent,rf_std,rf_time,svm_mean,svm_percent,svm_std,svm_time
0.2618089029288124,0.8775510204081632,0.12244724745992128,0.006384754180908203,0.3127450672756103,0.6727272727272727,0.07772404762156904,0.005375099182128906,0.3128359400361663,0.7692307692307693,0.09941814095689876,3.5063846826553347,0.3004962945969733,0.803921568627451,0.09965638881083994,0.271596360206604
