dt_mean,dt_percent,dt_std,dt_time,knn_mean,knn_percent,knn_std,knn_time,rf_mean,rf_percent,rf_std,rf_time,svm_mean,svm_percent,svm_std,svm_time
0.2605938225508361,0.9565217391304348,0.12068507065222014,0.006145119667053223,0.2732579375961729,0.9565217391304348,0.13053159883398566,0.0029632091522216798,0.29859561504357884,0.9565217391304348,0.07274274680311116,0.4884235620498657,0.314205802367567,0.9565217391304348,0.10728358106718976,0.6929456949234009
