dt_mean,dt_percent,dt_std,knn_mean,knn_percent,knn_std,rf_mean,rf_percent,rf_std,svm_mean,svm_percent,svm_std
0.40881402000890876,0.7358490566037735,0.10411775889910208,0.46276894256596124,0.7358490566037735,0.09011543214411409,0.43563246273900164,0.7358490566037735,0.09667162674319427,0.4582057038193237,0.803921568627451,0.08066283677319071
