dt_mean,dt_percent,dt_std,dt_time,knn_mean,knn_percent,knn_std,knn_time,rf_mean,rf_percent,rf_std,rf_time,svm_mean,svm_percent,svm_std,svm_time
0.3003807347755312,0.7358490566037735,0.1323313557947009,0.012192249298095703,0.29189885571107294,0.7358490566037735,0.09862331736423029,0.004625940322875976,0.32778781110794686,0.6727272727272727,0.09144377426702525,1.4849119663238526,0.30433282382943017,0.8775510204081632,0.10430944252696886,0.2640995979309082
