dt_mean,dt_std,dt_time,knn_mean,knn_std,knn_time,rf_mean,rf_std,rf_time,svm_mean,svm_std,svm_time
0.30318598298801913,0.1309917704001826,0.05913436412811279,0.3131475812188482,0.13686812997233747,0.00759282112121582,0.332696708352817,0.09015841807665291,2.564901041984558,0.293209634340856,0.08836532653799632,0.5032122135162354
