dt_mean,dt_percent,dt_std,dt_time,knn_mean,knn_percent,knn_std,knn_time,rf_mean,rf_percent,rf_std,rf_time,svm_mean,svm_percent,svm_std,svm_time
0.272972939160722,0.6428571428571429,0.14377734157429917,0.018475103378295898,0.32136579421081685,0.84,0.13477925340539848,0.005688333511352539,0.3216284978219367,0.803921568627451,0.07878731486555324,1.5050508975982666,0.31527521853879314,0.84,0.0942692775168822,0.27046430110931396
