dt_mean,dt_percent,dt_std,dt_time,knn_mean,knn_percent,knn_std,knn_time,rf_mean,rf_percent,rf_std,rf_time,svm_mean,svm_percent,svm_std,svm_time
0.27616959604354563,0.8356164383561644,0.0665434028173521,0.012228107452392578,0.26101646427801894,0.7866666666666666,0.07268359138708996,0.00606224536895752,0.3297151552928864,0.717948717948718,0.03324226577915018,3.7099262952804564,0.14562355070233218,0.8356164383561644,0.043130036972307835,0.12458317279815674
