dt_mean,dt_percent,dt_std,knn_mean,knn_percent,knn_std,rf_mean,rf_percent,rf_std,svm_mean,svm_percent,svm_std
0.27716845769447584,0.6428571428571429,0.12247035195369661,0.31654923758996156,0.84,0.08402419292939613,0.321498587511031,0.6428571428571429,0.09633680237903243,0.34729223579336704,0.84,0.1039410676167381
