dt_mean,dt_percent,dt_std,dt_time,knn_mean,knn_percent,knn_std,knn_time,rf_mean,rf_percent,rf_std,rf_time,svm_mean,svm_percent,svm_std,svm_time
0.43219017297929,0.803921568627451,0.0603521800837542,0.006813335418701172,0.42475116244937217,0.7358490566037735,0.09035348040925041,0.005297970771789551,0.4589248666404447,0.6727272727272727,0.0874955648654553,4.238337898254395,0.45481505073118617,0.803921568627451,0.10204618248536824,8.132327270507812
