dt_mean,dt_percent,dt_std,dt_time,knn_mean,knn_percent,knn_std,knn_time,rf_mean,rf_percent,rf_std,rf_time,svm_mean,svm_percent,svm_std,svm_time
0.37870858484993697,0.9130434782608695,0.06917304088242915,0.005814456939697265,0.36337858907685605,0.9130434782608695,0.08613172597504591,0.003041529655456543,0.41162728999485126,0.9130434782608695,0.07558659265288649,2.319619965553284,0.41742546378773804,0.9130434782608695,0.12002592103246983,0.7925160169601441
