dt_mean,dt_percent,dt_std,dt_time,knn_mean,knn_percent,knn_std,knn_time,rf_mean,rf_percent,rf_std,rf_time,svm_mean,svm_percent,svm_std,svm_time
0.38398206754373493,0.8913043478260869,0.09176292179014073,0.011096811294555664,0.4390179636140051,0.9130434782608695,0.1172362978021402,0.006733250617980957,0.43955988981392646,0.8478260869565217,0.09603989313501073,2.1504822969436646,0.4539082849898974,0.9130434782608695,0.0818067356248218,2.8441219568252563
