dt_mean,dt_percent,dt_std,dt_time,knn_mean,knn_percent,knn_std,knn_time,rf_mean,rf_percent,rf_std,rf_time,svm_mean,svm_percent,svm_std,svm_time
0.27901570243482016,0.8955223880597015,0.0543964267765983,0.005760049819946289,0.2855201311293748,0.8507462686567164,0.10243804075576587,0.005435323715209961,0.3577725641538667,0.8507462686567164,0.08841578678231957,2.185466742515564,0.2845959665917649,0.8507462686567164,0.06789477995634627,0.12012081146240235
