dt_mean,dt_percent,dt_std,dt_time,knn_mean,knn_percent,knn_std,knn_time,rf_mean,rf_percent,rf_std,rf_time,svm_mean,svm_percent,svm_std,svm_time
0.34826663357650756,0.8507462686567164,0.08790586245451784,0.005886578559875488,0.2877466307035635,0.7910447761194029,0.07606916019735202,0.0037811994552612305,0.37781760139953413,0.8507462686567164,0.09234618864687479,0.139689302444458,0.28533485830229527,0.8955223880597015,0.06929169480361975,0.17461931705474854
