dt_mean,dt_percent,dt_std,dt_time,knn_mean,knn_percent,knn_std,knn_time,rf_mean,rf_percent,rf_std,rf_time,svm_mean,svm_percent,svm_std,svm_time
0.3731319771498343,0.6716417910447762,0.09799114968441311,0.007176804542541504,0.29066733744779966,0.7014925373134329,0.08029809488090807,0.003181648254394531,0.38850352320415343,0.6716417910447762,0.07642857300590968,1.7431274890899657,0.2744999089379342,0.7014925373134329,0.08290746909858783,0.1095289945602417
