dt_mean,dt_percent,dt_std,dt_time,knn_mean,knn_percent,knn_std,knn_time,rf_mean,rf_percent,rf_std,rf_time,svm_mean,svm_percent,svm_std,svm_time
0.2809571378010292,0.8043478260869565,0.11761892147960101,0.015747714042663574,0.3087503647684643,0.8478260869565217,0.09411255069870912,0.004174923896789551,0.3251606534072598,0.8043478260869565,0.11232713688286255,3.3775310277938844,0.30731083605517995,0.9347826086956522,0.10097600551248445,0.26601402759552
