dt_mean,dt_percent,dt_std,dt_time,knn_mean,knn_percent,knn_std,knn_time,rf_mean,rf_percent,rf_std,rf_time,svm_mean,svm_percent,svm_std,svm_time
0.282553611188065,0.654320987654321,0.055926174474356063,0.006838488578796387,0.2887142356942777,0.7402597402597403,0.10275824390181708,0.004772114753723145,0.35627796631473097,0.7402597402597403,0.0892301549003614,1.1899688959121704,0.2909985660931039,0.8108108108108109,0.0510133536584723,0.148984694480896
