dt_mean,dt_std,dt_time,knn_mean,knn_std,knn_time,rf_mean,rf_std,rf_time,svm_mean,svm_std,svm_time
0.5261533448801076,0.10552510518808621,0.05937128067016602,0.4493284772935115,0.08254987658943022,0.0076356172561645504,0.5664027286816156,0.08518080528244437,0.8134243965148926,0.4498347424462056,0.07773905825703402,0.6328678369522095
