dt_mean,dt_std,dt_time,knn_mean,knn_std,knn_time,rf_mean,rf_std,rf_time,svm_mean,svm_std,svm_time
0.5183887365492129,0.0750090539428002,0.053848886489868165,0.4337375951062633,0.10810434147566356,0.007333207130432129,0.562232152266221,0.09875188111291312,2.852014422416687,0.4779492105998958,0.0665652424319818,0.7776976346969604
