dt_mean,dt_percent,dt_std,dt_time,knn_mean,knn_percent,knn_std,knn_time,rf_mean,rf_percent,rf_std,rf_time,svm_mean,svm_percent,svm_std,svm_time
0.27326723845954615,0.9166666666666666,0.13558394166631185,0.005211424827575683,0.26869093973731983,0.9166666666666666,0.12353771697916727,0.002126264572143555,0.29835201856129456,0.9166666666666666,0.1240505151099933,1.0772586107254027,0.3124420838504549,0.9166666666666666,0.10927052130281027,0.2339085578918457
