dt_mean,dt_percent,dt_std,knn_mean,knn_percent,knn_std,rf_mean,rf_percent,rf_std,svm_mean,svm_percent,svm_std
0.4381329019069981,0.803921568627451,0.07623459311199643,0.4207110450296693,0.6727272727272727,0.08634720495116192,0.44843680266495856,0.6727272727272727,0.09946409867148692,0.43308967118353686,0.803921568627451,0.10084807296620393
