dt_mean,dt_percent,dt_std,dt_time,knn_mean,knn_percent,knn_std,knn_time,rf_mean,rf_percent,rf_std,rf_time,svm_mean,svm_percent,svm_std,svm_time
0.43403355751525385,0.8913043478260869,0.05646518493032918,0.0068207263946533205,0.4208857966055355,0.8913043478260869,0.08682561717314657,0.004764175415039063,0.45768181718185535,0.8043478260869565,0.08779689248612227,4.436647200584412,0.4398616617315324,0.8913043478260869,0.10619569677706246,9.908143496513366
