dt_mean,dt_percent,dt_std,dt_time,knn_mean,knn_percent,knn_std,knn_time,rf_mean,rf_percent,rf_std,rf_time,svm_mean,svm_percent,svm_std,svm_time
0.39268849057784816,0.7692307692307693,0.0994912122592952,0.010948371887207032,0.4163559710977355,0.6727272727272727,0.07221454280785601,0.005399513244628906,0.4260245608751162,0.803921568627451,0.10211278476074273,3.9402042627334595,0.4510942071632226,0.7692307692307693,0.07653505185820306,3.569828200340271
