dt_mean,dt_percent,dt_std,dt_time,knn_mean,knn_percent,knn_std,knn_time,rf_mean,rf_percent,rf_std,rf_time,svm_mean,svm_percent,svm_std,svm_time
0.3702695536025688,0.8695652173913043,0.07515906792658439,0.008849358558654786,0.3988048064531059,0.8695652173913043,0.11632103793320547,0.0064449310302734375,0.4316447397275355,0.8913043478260869,0.10944229507134288,1.5496649980545043,0.3901675573305913,0.8913043478260869,0.06582174045929308,1.1211253643035888
