dt_mean,dt_std,dt_time,knn_mean,knn_std,knn_time,rf_mean,rf_std,rf_time,svm_mean,svm_std,svm_time
0.30380350230463354,0.10731055048224585,0.06256463527679443,0.3049555817485682,0.119142338323721,0.0066185474395751955,0.33305558778409455,0.07767223893805711,6.350497245788574,0.30798064324648033,0.10042001389823448,0.5042695283889771
