dt_mean,dt_percent,dt_std,dt_time,knn_mean,knn_percent,knn_std,knn_time,rf_mean,rf_percent,rf_std,rf_time,svm_mean,svm_percent,svm_std,svm_time
0.2539579100871117,0.8805970149253731,0.05678954315736294,0.012461352348327636,0.3089641048727183,0.9104477611940298,0.054013415409135394,0.007466530799865723,0.3327796503216671,0.835820895522388,0.033539716979781746,1.6161238431930542,0.14660219215891485,0.9104477611940298,0.04197759576403472,0.11792418956756592
