dt_mean,dt_std,dt_time,knn_mean,knn_std,knn_time,rf_mean,rf_std,rf_time,svm_mean,svm_std,svm_time
0.31265721032002547,0.06550018628346974,0.03359527587890625,0.31079377905008154,0.047168926624620286,0.005445456504821778,0.4539120391746442,0.06757541878247776,1.5884132146835328,0.11585316177753151,0.039084388262596234,0.26453442573547364
