dt_mean,dt_percent,dt_std,dt_time,knn_mean,knn_percent,knn_std,knn_time,rf_mean,rf_percent,rf_std,rf_time,svm_mean,svm_percent,svm_std,svm_time
0.3892465052877504,0.84,0.039701696327072614,0.004967713356018066,0.3963933953421299,0.84,0.1310704760695775,0.00299835205078125,0.4131271057983087,0.84,0.06454195132849846,2.074872303009033,0.4346542041998583,0.84,0.11854993151227797,2.2912374258041384
