dt_mean,dt_percent,dt_std,knn_mean,knn_percent,knn_std,rf_mean,rf_percent,rf_std,svm_mean,svm_percent,svm_std
0.3099641523275977,0.7402597402597403,0.07848888361293213,0.28301807261366085,0.7402597402597403,0.10317288975026721,0.35440521721509116,0.7402597402597403,0.09162276236205254,0.28492273191327816,0.8108108108108109,0.04936890830462705
