dt_mean,dt_percent,dt_std,knn_mean,knn_percent,knn_std,rf_mean,rf_percent,rf_std,svm_mean,svm_percent,svm_std
0.28008235417172067,0.9166666666666666,0.12451543193927155,0.2799229371684123,0.9166666666666666,0.12698561994144356,0.2959338687958597,0.9166666666666666,0.0681057986184056,0.3093679983498988,0.9166666666666666,0.10733159775837088
