dt_mean,dt_percent,dt_std,knn_mean,knn_percent,knn_std,rf_mean,rf_percent,rf_std,svm_mean,svm_percent,svm_std
0.2965945737269267,0.8873239436619719,0.06686447933417018,0.31311075712336217,0.7402597402597403,0.0783096816102156,0.3747473540698331,0.654320987654321,0.07247429088105223,0.29011275022829647,0.654320987654321,0.07282699290370982
