dt_mean,dt_percent,dt_std,dt_time,knn_mean,knn_percent,knn_std,knn_time,rf_mean,rf_percent,rf_std,rf_time,svm_mean,svm_percent,svm_std,svm_time
0.3429449985122254,0.5056179775280899,0.08931891232648677,0.008006834983825683,0.29070912339294697,0.5056179775280899,0.046486116894106255,0.0039910078048706055,0.3806127386852177,0.5402298850574713,0.08634305749065167,2.0150285720825196,0.2835638037266188,0.5402298850574713,0.08663055785441837,0.12801876068115234
