dt_mean,dt_std,knn_mean,knn_std,rf_mean,rf_std,svm_mean,svm_std
0.36688974307671784,0.09432347564283931,0.31079377905008154,0.047168926624620286,0.4553519869486256,0.0727496763343265,0.11288972640338187,0.03777323806648691
