dt_mean,dt_std,dt_time,knn_mean,knn_std,knn_time,rf_mean,rf_std,rf_time,svm_mean,svm_std,svm_time
0.3357087001467254,0.06895864516543009,0.043350815773010254,0.2833030712284914,0.043472487030727716,0.004718422889709473,0.4517942946409333,0.0743925234125796,4.9037800312042235,0.21399832368844973,0.043243768545221155,0.2634420871734619
