dt_mean,dt_percent,dt_std,knn_mean,knn_percent,knn_std,rf_mean,rf_percent,rf_std,svm_mean,svm_percent,svm_std
0.3700032334603087,0.84,0.05284418146501701,0.40870313119673723,0.84,0.09616218263304531,0.4183146863464266,0.84,0.07694537898102409,0.4196721709366287,0.84,0.10407133701838776
