dt_mean,dt_std,knn_mean,knn_std,rf_mean,rf_std,svm_mean,svm_std
0.3038583582079057,0.12819566980379826,0.3131475812188482,0.13686812997233747,0.3366317909926507,0.07718985428467326,0.25893989494668224,0.08484975528523492
