dt_mean,dt_percent,dt_std,knn_mean,knn_percent,knn_std,rf_mean,rf_percent,rf_std,svm_mean,svm_percent,svm_std
0.30710859343737495,0.5402298850574713,0.07245769478855196,0.2814079221432163,0.5402298850574713,0.07878504747239312,0.38372367536758295,0.5402298850574713,0.09504881209696092,0.2753743933470824,0.5402298850574713,0.07703093871390877
