dt_mean,dt_percent,dt_std,knn_mean,knn_percent,knn_std,rf_mean,rf_percent,rf_std,svm_mean,svm_percent,svm_std
0.287648473949379,0.7358490566037735,0.1315709852742154,0.29800850481845964,0.803921568627451,0.10262306313020722,0.32477492906791544,0.6727272727272727,0.11240763147491384,0.29797824222032376,0.8775510204081632,0.10068810190964873
