dt_mean,dt_percent,dt_std,dt_time,knn_mean,knn_percent,knn_std,knn_time,rf_mean,rf_percent,rf_std,rf_time,svm_mean,svm_percent,svm_std,svm_time
0.3924032420502436,0.803921568627451,0.07650615266659824,0.013823366165161133,0.44554231572993264,0.803921568627451,0.1087376179633102,0.0061725139617919925,0.4365446864447704,0.803921568627451,0.09385960734137938,4.761417078971863,0.43199679399206053,0.7358490566037735,0.07093910738939692,1.9349287271499633
