dt_mean,dt_std,knn_mean,knn_std,rf_mean,rf_std,svm_mean,svm_std
0.2260795112706214,0.044892507527057826,0.23519192926256935,0.05685938584359471,0.2782732573382515,0.04614420495451849,0.15726237675653784,0.02329054355189532
