dt_mean,dt_percent,dt_std,dt_time,knn_mean,knn_percent,knn_std,knn_time,rf_mean,rf_percent,rf_std,rf_time,svm_mean,svm_percent,svm_std,svm_time
0.22631656116884485,0.7375,0.05219485456660532,0.05029056072235107,0.23568972833372298,0.6646706586826348,0.05597228842432653,0.019773030281066896,0.27220945175577704,0.7375,0.048627121293060835,7.609969711303711,0.25052937357109045,0.9041095890410958,0.043661466300489456,0.84122314453125
