dt_mean,dt_percent,dt_std,knn_mean,knn_percent,knn_std,rf_mean,rf_percent,rf_std,svm_mean,svm_percent,svm_std
0.20987324676102243,0.7375,0.03214424204140815,0.21729506738973878,0.8169934640522876,0.05340661847487544,0.2764296538682426,0.6646706586826348,0.05215329450727483,0.2435650841198421,0.9041095890410958,0.04941965251789325
