dt_mean,dt_percent,dt_std,knn_mean,knn_percent,knn_std,rf_mean,rf_percent,rf_std,svm_mean,svm_percent,svm_std
0.18706135609338573,0.759493670886076,0.037657183562515094,0.2152206536640559,0.759493670886076,0.05029411431008134,0.26026628807405,0.759493670886076,0.05484687667080098,0.17873802899695027,0.8657718120805369,0.03317271647749941
