dt_mean,dt_percent,dt_std,dt_time,knn_mean,knn_percent,knn_std,knn_time,rf_mean,rf_percent,rf_std,rf_time,svm_mean,svm_percent,svm_std,svm_time
0.2205541559934022,0.8489208633093526,0.0414775671366854,0.042662858963012695,0.2601139256503887,0.9496402877697842,0.06219225993893371,0.01286015510559082,0.2769517735131607,0.7985611510791367,0.04918164500535627,6.478633761405945,0.24742214883442623,0.9496402877697842,0.04852399732850845,0.8078925609588623
