dt_mean,dt_percent,dt_std,knn_mean,knn_percent,knn_std,rf_mean,rf_percent,rf_std,svm_mean,svm_percent,svm_std
0.20372468105952035,0.7375,0.03960955423242796,0.19233715717458422,0.7375,0.052712716692076764,0.2756198659819576,0.6646706586826348,0.05165150076055177,0.2221311066554214,0.7375,0.03935732517756975
