dt_mean,dt_percent,dt_std,dt_time,knn_mean,knn_percent,knn_std,knn_time,rf_mean,rf_percent,rf_std,rf_time,svm_mean,svm_percent,svm_std,svm_time
0.19774163485838317,0.8920863309352518,0.03307198760946357,0.09220418930053711,0.2252310456524072,0.8920863309352518,0.05178940290537239,0.060656619071960446,0.24599650163717265,0.8920863309352518,0.03478419849624574,5.47927451133728,0.20890336264144954,0.935251798561151,0.04420645934954249,0.6841757535934448
