dt_mean,dt_std,dt_time,knn_mean,knn_std,knn_time,rf_mean,rf_std,rf_time,svm_mean,svm_std,svm_time
0.22975791617224445,0.041594857584246726,0.23657455444335937,0.238931740413536,0.044811882275547624,0.03937795162200928,0.27637545137460695,0.04693597659473039,18.832581996917725,0.1782943442758564,0.031880556635376256,2.163560676574707
