dt_mean,dt_percent,dt_std,dt_time,knn_mean,knn_percent,knn_std,knn_time,rf_mean,rf_percent,rf_std,rf_time,svm_mean,svm_percent,svm_std,svm_time
0.21280610190356003,0.7985611510791367,0.030211477918591485,0.0328355073928833,0.21564496676853723,0.8489208633093526,0.050051229716105684,0.014601492881774902,0.27231294601142714,0.7985611510791367,0.053281936306251394,1.1648638725280762,0.220935520554374,0.8489208633093526,0.04275242574519909,1.8227840185165405
