dt_mean,dt_percent,dt_std,knn_mean,knn_percent,knn_std,rf_mean,rf_percent,rf_std,svm_mean,svm_percent,svm_std
0.20113572519892187,0.8051948051948052,0.0440903247989621,0.23229413063938714,0.7055214723926381,0.056598616178547154,0.2464847473373387,0.8783783783783784,0.04473382704640471,0.21254823044720741,0.8783783783783784,0.042035434721413655
