dt_mean,dt_percent,dt_std,dt_time,knn_mean,knn_percent,knn_std,knn_time,rf_mean,rf_percent,rf_std,rf_time,svm_mean,svm_percent,svm_std,svm_time
0.20772172285897977,0.8051948051948052,0.05058247365063372,0.10687158107757569,0.22212691969919449,0.7055214723926381,0.05543502931126213,0.06068618297576904,0.24702431317237328,0.7055214723926381,0.043670532014938604,8.998335576057434,0.21739783255178588,0.8533333333333334,0.039785200112594905,0.7049000978469848
