dt_mean,dt_percent,dt_std,dt_time,knn_mean,knn_percent,knn_std,knn_time,rf_mean,rf_percent,rf_std,rf_time,svm_mean,svm_percent,svm_std,svm_time
0.21127530638335662,0.7375,0.031768893865390196,0.024688196182250977,0.1908201243482453,0.6646706586826348,0.050565655716100895,0.017160320281982423,0.2689208386634375,0.6646706586826348,0.055345707194156796,4.54410719871521,0.22415941159735492,0.7375,0.0418677633987234,1.5949601650238037
