dt_mean,dt_std,dt_time,knn_mean,knn_std,knn_time,rf_mean,rf_std,rf_time,svm_mean,svm_std,svm_time
0.21729430782596343,0.03771166872106383,0.24086527824401854,0.238931740413536,0.044811882275547624,0.03941254615783692,0.2728146533652614,0.043739202325948155,10.061944627761841,0.15755896679028586,0.022713538445277823,2.1801312923431397
