dt_mean,dt_percent,dt_std,dt_time,knn_mean,knn_percent,knn_std,knn_time,rf_mean,rf_percent,rf_std,rf_time,svm_mean,svm_percent,svm_std,svm_time
0.20211355295509376,0.759493670886076,0.046374541085464294,0.029253101348876952,0.18826559648063532,0.759493670886076,0.046149064203998676,0.011899614334106445,0.2510961453154608,0.759493670886076,0.04988164221603656,4.969148254394531,0.17400455205864052,0.8657718120805369,0.03204359814743089,0.9154213428497314
