dt_mean,dt_percent,dt_std,dt_time,knn_mean,knn_percent,knn_std,knn_time,rf_mean,rf_percent,rf_std,rf_time,svm_mean,svm_percent,svm_std,svm_time
0.1924090707068618,0.8633093525179856,0.039272460066813425,0.025730133056640625,0.2283752771706374,0.8633093525179856,0.05176104885065752,0.01543586254119873,0.2567120878057639,0.8633093525179856,0.05446927443244004,5.271847677230835,0.17625682319770408,0.9280575539568345,0.03155228507240726,0.922359037399292
