dt_mean,dt_percent,dt_std,dt_time,knn_mean,knn_percent,knn_std,knn_time,rf_mean,rf_percent,rf_std,rf_time,svm_mean,svm_percent,svm_std,svm_time
0.39274691358024694,0.7368421052631579,0.12897440593415888,0.0037111759185791014,0.3912037037037036,0.6708860759493671,0.07615783737855031,0.0033286094665527345,0.42824074074074076,0.6708860759493671,0.1359676499635493,1.3061336278915405,0.3296296296296296,0.8857142857142857,0.06485595402226686,0.025656747817993163
