dt_mean,dt_percent,dt_std,dt_time,knn_mean,knn_percent,knn_std,knn_time,rf_mean,rf_percent,rf_std,rf_time,svm_mean,svm_percent,svm_std,svm_time
0.41527777777777775,0.5909090909090909,0.12408491829644677,0.004020524024963379,0.4302469135802469,0.5909090909090909,0.10912098036323548,0.0019530534744262695,0.5057098765432098,0.5909090909090909,0.0814810430684053,1.8236923217773438,0.2458333333333333,0.7424242424242424,0.08172910022634135,0.020311355590820312
