dt_mean,dt_percent,dt_std,knn_mean,knn_percent,knn_std,rf_mean,rf_percent,rf_std,svm_mean,svm_percent,svm_std
0.33772222222222215,0.8125,0.10416531850979438,0.2983333333333333,0.8125,0.09373606892378168,0.3511111111111111,0.8125,0.14718526789872605,0.29538888888888887,0.8913043478260869,0.100087554263847
