dt_mean,dt_percent,dt_std,dt_time,knn_mean,knn_percent,knn_std,knn_time,rf_mean,rf_percent,rf_std,rf_time,svm_mean,svm_percent,svm_std,svm_time
0.19929080179080177,0.7831325301204819,0.044877556652523784,0.021554946899414062,0.44904107796964937,0.574468085106383,0.08759966340915436,0.01400461196899414,0.4541759695331124,0.574468085106383,0.08997942258865171,2.5147995710372926,0.35119982750935136,0.7831325301204819,0.09293167966528484,0.28569486141204836
