dt_mean,dt_std,dt_time,knn_mean,knn_std,knn_time,rf_mean,rf_std,rf_time,svm_mean,svm_std,svm_time
0.3656902533093009,0.06314042858771426,0.05960710048675537,0.37720555458650695,0.07142369863535274,0.009842634201049805,0.496314805124329,0.08333900473505962,5.63228018283844,0.3692459832936023,0.10041206915380652,0.6100059747695923
