dt_mean,dt_percent,dt_std,knn_mean,knn_percent,knn_std,rf_mean,rf_percent,rf_std,svm_mean,svm_percent,svm_std
0.38225308641975303,0.5903614457831325,0.1191594879864738,0.4685185185185185,0.5903614457831325,0.1191817700610753,0.49058641975308637,0.7837837837837838,0.09247793827294898,0.20354938271604936,0.7837837837837838,0.046896571396842536
