dt_mean,dt_percent,dt_std,dt_time,knn_mean,knn_percent,knn_std,knn_time,rf_mean,rf_percent,rf_std,rf_time,svm_mean,svm_percent,svm_std,svm_time
0.1882785803550831,0.7345132743362832,0.051350507923678755,0.010935211181640625,0.18462823694722602,0.8148148148148148,0.05123295801057241,0.008254766464233398,0.1759981470159066,0.8148148148148148,0.029552613675530647,1.5193822383880615,0.17605052948973715,0.9029126213592233,0.05334060264575306,8.627390050888062
