dt_mean,dt_percent,dt_std,dt_time,knn_mean,knn_percent,knn_std,knn_time,rf_mean,rf_percent,rf_std,rf_time,svm_mean,svm_percent,svm_std,svm_time
0.15826942234046057,0.9387755102040817,0.03447393539745567,0.028971147537231446,0.17152770751814467,0.826530612244898,0.05668539555869398,0.025951385498046875,0.16710195087244267,0.9591836734693877,0.04523077301699689,0.5018378734588623,0.12857911024919222,0.9387755102040817,0.03140447078419387,0.4621086597442627
