dt_mean,dt_std,dt_time,knn_mean,knn_std,knn_time,rf_mean,rf_std,rf_time,svm_mean,svm_std,svm_time
0.3947530864197531,0.1077195867684754,0.007293128967285156,0.47885802469135796,0.11418720757476958,0.0016213417053222655,0.48503086419753083,0.08918110938590136,0.45772149562835696,0.2589506172839506,0.07470411073663266,0.03216485977172852
