dt_mean,dt_percent,dt_std,dt_time,knn_mean,knn_percent,knn_std,knn_time,rf_mean,rf_percent,rf_std,rf_time,svm_mean,svm_percent,svm_std,svm_time
0.2317705002228812,0.8048780487804879,0.050484121741755254,0.009470129013061523,0.2477911021958641,0.7411764705882353,0.0392418387206841,0.01007082462310791,0.4407700544605306,0.6629213483146067,0.058861420774279,3.3389903783798216,0.25780273077892124,0.8048780487804879,0.07699353100033285,2.450655436515808
