dt_mean,dt_std,dt_time,knn_mean,knn_std,knn_time,rf_mean,rf_std,rf_time,svm_mean,svm_std,svm_time
0.2837011322011322,0.056596390401754425,0.032227182388305665,0.2956107226107226,0.07157071877020565,0.004895567893981934,0.4518841158841159,0.08811477013858889,5.80464358329773,0.1431070596070596,0.05487201045589406,0.32362220287322996
