dt_mean,dt_percent,dt_std,dt_time,knn_mean,knn_percent,knn_std,knn_time,rf_mean,rf_percent,rf_std,rf_time,svm_mean,svm_percent,svm_std,svm_time
0.2259523809523809,0.654320987654321,0.04323388673657251,0.0040182828903198246,0.22738095238095238,0.7402597402597403,0.09118471153775201,0.0036244869232177736,0.25963203463203466,0.8108108108108109,0.12560885059337398,0.7938361644744873,0.21281385281385284,0.654320987654321,0.0625015732265781,0.018754744529724122
