dt_mean,dt_percent,dt_std,dt_time,knn_mean,knn_percent,knn_std,knn_time,rf_mean,rf_percent,rf_std,rf_time,svm_mean,svm_percent,svm_std,svm_time
0.16655748395502495,0.9215686274509803,0.03007937959237607,0.02847435474395752,0.16096070153788733,0.8846153846153846,0.041979885234943455,0.024339056015014647,0.17977961713958984,0.7043478260869566,0.05133167570681013,2.323396396636963,0.12994869997943767,0.8846153846153846,0.02567527495065082,0.39712402820587156
