dt_mean,dt_percent,dt_std,dt_time,knn_mean,knn_percent,knn_std,knn_time,rf_mean,rf_percent,rf_std,rf_time,svm_mean,svm_percent,svm_std,svm_time
0.23283892474368667,0.7432432432432432,0.04983551362154648,0.009446454048156739,0.25954915014438823,0.918918918918919,0.06265681005191297,0.0038804531097412108,0.47653225962749773,0.7432432432432432,0.08496670541284022,0.24688594341278075,0.20985096032715078,0.918918918918919,0.04575349447274924,0.9865082740783692
