dt_mean,dt_std,knn_mean,knn_std,rf_mean,rf_std,svm_mean,svm_std
0.2295670995670996,0.047095229937815855,0.2784415584415584,0.08349033391745923,0.302965367965368,0.07066309297315289,0.14530303030303032,0.06332698967795056
