dt_mean,dt_percent,dt_std,dt_time,knn_mean,knn_percent,knn_std,knn_time,rf_mean,rf_percent,rf_std,rf_time,svm_mean,svm_percent,svm_std,svm_time
0.39645061728395065,0.8333333333333334,0.12888796133363797,0.005432271957397461,0.4259259259259259,0.6923076923076923,0.08756679250098306,0.0038310766220092775,0.48966049382716054,0.7837837837837838,0.12708227922385468,0.35031263828277587,0.15185185185185185,0.7837837837837838,0.03529331446647606,0.017069554328918456
