dt_mean,dt_percent,dt_std,dt_time,knn_mean,knn_percent,knn_std,knn_time,rf_mean,rf_percent,rf_std,rf_time,svm_mean,svm_percent,svm_std,svm_time
0.2259523809523809,0.7910447761194029,0.04323388673657251,0.004891109466552734,0.22753246753246753,0.8507462686567164,0.07279480476230635,0.003695225715637207,0.25690476190476186,0.8507462686567164,0.12218055654601351,1.983360505104065,0.22993506493506494,0.7910447761194029,0.056488036921537324,0.026931571960449218
