dt_mean,dt_std,knn_mean,knn_std,rf_mean,rf_std,svm_mean,svm_std
0.22262794198139027,0.04125143191298376,0.2168312913140499,0.0381994942425931,0.3774878426171529,0.04243307890403329,0.18377394636015326,0.04857200327472329
