dt_mean,dt_percent,dt_std,knn_mean,knn_percent,knn_std,rf_mean,rf_percent,rf_std,svm_mean,svm_percent,svm_std
0.22008658008658005,0.6962025316455697,0.04420555727949863,0.27435064935064934,0.5581395348837209,0.060951646892716746,0.2981818181818182,0.6962025316455697,0.08136704225944379,0.15751082251082252,0.8356164383561644,0.05589045112820217
