dt_mean,dt_percent,dt_std,dt_time,knn_mean,knn_percent,knn_std,knn_time,rf_mean,rf_percent,rf_std,rf_time,svm_mean,svm_percent,svm_std,svm_time
0.3729722222222222,0.8913043478260869,0.1236577970513988,0.00490875244140625,0.34825000000000006,0.6571428571428571,0.11798534186525769,0.0033791303634643556,0.3545277777777778,0.6571428571428571,0.14109492744029714,1.8452329874038695,0.3066944444444444,0.8913043478260869,0.09245798595398165,0.021993517875671387
