dt_mean,dt_percent,dt_std,dt_time,knn_mean,knn_percent,knn_std,knn_time,rf_mean,rf_percent,rf_std,rf_time,svm_mean,svm_percent,svm_std,svm_time
0.27911111111111114,0.8125,0.1157703532488263,0.00363922119140625,0.3256944444444444,0.74,0.11532644555005532,0.0031949758529663088,0.32266666666666666,0.74,0.08546732463489723,1.4930944681167602,0.24319444444444444,0.6571428571428571,0.12138674356100702,0.019847726821899413
