dt_mean,dt_percent,dt_std,dt_time,knn_mean,knn_percent,knn_std,knn_time,rf_mean,rf_percent,rf_std,rf_time,svm_mean,svm_percent,svm_std,svm_time
0.33052777777777775,0.23404255319148937,0.15092592052942502,0.012138700485229493,0.27066666666666667,0.3181818181818182,0.11467218440643402,0.002267003059387207,0.3595277777777778,0.23404255319148937,0.12058019781431056,1.6713703393936157,0.3049166666666666,0.6111111111111112,0.12550964315418697,0.018595623970031738
