dt_mean,dt_std,knn_mean,knn_std,rf_mean,rf_std,svm_mean,svm_std
0.3113366633366633,0.07770162038460303,0.4183561438561439,0.11794270427912042,0.4568083583083583,0.08461729717499031,0.11935980685980685,0.053252096193167064
