dt_mean,dt_percent,dt_std,knn_mean,knn_percent,knn_std,rf_mean,rf_percent,rf_std,svm_mean,svm_percent,svm_std
0.17167854597840937,0.9029126213592233,0.03612330422085562,0.18703875068970696,0.6610169491525424,0.05143668589130605,0.16884190945666358,0.6610169491525424,0.037352555524510826,0.17872052760030904,0.8148148148148148,0.05567574128889501
