dt_mean,dt_percent,dt_std,knn_mean,knn_percent,knn_std,rf_mean,rf_percent,rf_std,svm_mean,svm_percent,svm_std
0.428858024691358,0.41935483870967744,0.11150147903848699,0.4578703703703703,0.48314606741573035,0.12262654860883875,0.49506172839506163,0.48314606741573035,0.08614595073787412,0.22839506172839505,0.5903614457831325,0.07537438943389956
