dt_mean,dt_percent,dt_std,dt_time,knn_mean,knn_percent,knn_std,knn_time,rf_mean,rf_percent,rf_std,rf_time,svm_mean,svm_percent,svm_std,svm_time
0.22887878405119783,0.6571428571428571,0.03232316688818295,0.014296698570251464,0.3171026483095448,0.6571428571428571,0.06724358639020717,0.007712721824645996,0.3677864089933055,0.6571428571428571,0.053742852922513705,4.271361470222473,0.24330133468064502,0.8125,0.047888279554232145,9.562391924858094
