dt_mean,dt_percent,dt_std,dt_time,knn_mean,knn_percent,knn_std,knn_time,rf_mean,rf_percent,rf_std,rf_time,svm_mean,svm_percent,svm_std,svm_time
0.22069946719946723,0.8428571428571429,0.06925748449566184,0.005966281890869141,0.17467632367632366,0.8,0.0470855106245815,0.0043173074722290036,0.3863797868797869,0.8,0.1047112040184165,1.4388845920562745,0.29218364968364974,0.8428571428571429,0.0714772696261868,0.5614624738693237
