dt_mean,dt_std,knn_mean,knn_std,rf_mean,rf_std,svm_mean,svm_std
0.3140833333333333,0.18288484916896627,0.3491666666666667,0.15031469047581314,0.364361111111111,0.11014952309597896,0.17666666666666664,0.042459130676189984
