dt_mean,dt_std,dt_time,knn_mean,knn_std,knn_time,rf_mean,rf_std,rf_time,svm_mean,svm_std,svm_time
0.24762609995368617,0.04565744679396351,0.1093707799911499,0.33921424361079533,0.06097327973186767,0.010990262031555176,0.3762282640730916,0.04428469101398177,3.5862591743469237,0.30713059450128416,0.0646316939264668,0.8576441049575806
