dt_mean,dt_percent,dt_std,dt_time,knn_mean,knn_percent,knn_std,knn_time,rf_mean,rf_percent,rf_std,rf_time,svm_mean,svm_percent,svm_std,svm_time
0.3765432098765432,0.7368421052631579,0.1083153057350866,0.0028710126876831054,0.3856481481481481,0.6708860759493671,0.09864829569979872,0.004491257667541504,0.4228395061728395,0.6708860759493671,0.12463175448692784,2.1194964408874513,0.31805555555555554,0.7368421052631579,0.08597064187878942,0.07491853237152099
