dt_mean,dt_percent,dt_std,dt_time,knn_mean,knn_percent,knn_std,knn_time,rf_mean,rf_percent,rf_std,rf_time,svm_mean,svm_percent,svm_std,svm_time
0.21078886152162016,0.6571428571428571,0.026331340407139782,0.02354087829589844,0.31667177171487515,0.6571428571428571,0.06569131731932197,0.010481834411621094,0.3592188223653741,0.6571428571428571,0.05633179117976372,6.38408203125,0.22795798071660145,0.6571428571428571,0.041393768410657006,0.7387860298156739
