dt_mean,dt_percent,dt_std,knn_mean,knn_percent,knn_std,rf_mean,rf_percent,rf_std,svm_mean,svm_percent,svm_std
0.34877747252747254,0.7966101694915254,0.09980419715990675,0.357300061050061,0.65625,0.10309473249550129,0.3574290293040293,0.7966101694915254,0.09096209855978238,0.31966040903540904,0.7966101694915254,0.0672286432548235
