dt_mean,dt_percent,dt_std,dt_time,knn_mean,knn_percent,knn_std,knn_time,rf_mean,rf_percent,rf_std,rf_time,svm_mean,svm_percent,svm_std,svm_time
0.19863919413919412,0.6867469879518072,0.05500026581619553,0.015356302261352539,0.3087271062271062,0.8181818181818182,0.08583216303603607,0.006773543357849121,0.3990740925740926,0.6867469879518072,0.10619737251749659,4.547666478157043,0.22774042624042626,0.5730337078651685,0.08544609389266564,0.19073946475982667
