dt_mean,dt_percent,dt_std,dt_time,knn_mean,knn_percent,knn_std,knn_time,rf_mean,rf_percent,rf_std,rf_time,svm_mean,svm_percent,svm_std,svm_time
0.34425366300366306,0.7966101694915254,0.10208642874629945,0.004044556617736816,0.32839819902319894,0.65625,0.07603375092998571,0.0027844905853271484,0.35708867521367516,0.65625,0.06226308405166338,1.9810191631317138,0.3185393772893773,0.7966101694915254,0.06365930834537602,0.22849721908569337
