dt_mean,dt_percent,dt_std,dt_time,knn_mean,knn_percent,knn_std,knn_time,rf_mean,rf_percent,rf_std,rf_time,svm_mean,svm_percent,svm_std,svm_time
0.2661666666666667,0.8390804597701149,0.11817613450029621,0.011172842979431153,0.3123333333333333,0.8390804597701149,0.1253067963435206,0.0062952756881713865,0.34463888888888883,0.9195402298850575,0.10096922661000339,0.4454512596130371,0.2286111111111111,0.8850574712643678,0.08006363210088077,0.025058460235595704
