dt_mean,dt_percent,dt_std,dt_time,knn_mean,knn_percent,knn_std,knn_time,rf_mean,rf_percent,rf_std,rf_time,svm_mean,svm_percent,svm_std,svm_time
0.17890071184128561,0.7959183673469388,0.055410627351791024,0.015908432006835938,0.1743427628332,0.9489795918367347,0.03076970415253395,0.007781696319580078,0.17629934703022135,0.7959183673469388,0.07103776741335269,0.02844066619873047,0.17613876547961244,0.9489795918367347,0.05671701371471394,5.756422734260559
