dt_mean,dt_percent,dt_std,knn_mean,knn_percent,knn_std,rf_mean,rf_percent,rf_std,svm_mean,svm_percent,svm_std
0.22323783359497643,0.6629213483146067,0.04891155083980856,0.23660508362889315,0.6629213483146067,0.03880082284892253,0.357223385080528,0.6629213483146067,0.060130706118058735,0.25862060778727447,0.6629213483146067,0.0637134063447147
