dt_mean,dt_percent,dt_std,dt_time,knn_mean,knn_percent,knn_std,knn_time,rf_mean,rf_percent,rf_std,rf_time,svm_mean,svm_percent,svm_std,svm_time
0.36922466422466427,0.7547169811320755,0.09897428836684274,0.0054546833038330075,0.3661179792429793,0.32075471698113206,0.10375851102569714,0.0034986257553100584,0.37568528693528697,0.5660377358490566,0.10409026176552323,0.3999046564102173,0.28951236263736263,0.8301886792452831,0.08406037330615404,0.14786429405212403
