dt_mean,dt_percent,dt_std,dt_time,knn_mean,knn_percent,knn_std,knn_time,rf_mean,rf_percent,rf_std,rf_time,svm_mean,svm_percent,svm_std,svm_time
0.1914590438297335,0.7313432835820896,0.04375037852129432,0.008787965774536133,0.2002877247273799,0.6111111111111112,0.030746538272711024,0.004636645317077637,0.36157109174350544,0.6111111111111112,0.055709695152332074,1.577781081199646,0.2462750515767757,0.7313432835820896,0.0490459055123132,10.11881365776062
