dt_mean,dt_percent,dt_std,dt_time,knn_mean,knn_percent,knn_std,knn_time,rf_mean,rf_percent,rf_std,rf_time,svm_mean,svm_percent,svm_std,svm_time
0.3573076923076924,0.9433962264150944,0.08609658636660385,0.007640528678894043,0.3488507326007326,0.9056603773584906,0.10332470824556461,0.005022406578063965,0.3336729242979243,0.9056603773584906,0.06898802112617032,1.1987046480178833,0.18190705128205129,0.9056603773584906,0.05997756759725989,0.055673837661743164
