dt_mean,dt_percent,dt_std,knn_mean,knn_percent,knn_std,rf_mean,rf_percent,rf_std,svm_mean,svm_percent,svm_std
0.17907126207126206,0.7283950617283951,0.06314587107447074,0.2824295704295704,0.6666666666666666,0.07881258120305089,0.3217652347652348,0.6666666666666666,0.07222952216170521,0.1246235431235431,0.6666666666666666,0.04732129563260844
