dt_mean,dt_percent,dt_std,dt_time,knn_mean,knn_percent,knn_std,knn_time,rf_mean,rf_percent,rf_std,rf_time,svm_mean,svm_percent,svm_std,svm_time
0.20325696812765778,0.7586206896551724,0.025082454449922607,0.016155171394348144,0.24466148793735001,0.8448275862068966,0.05142818125810168,0.005042600631713867,0.3630623973727422,0.7586206896551724,0.05863408567591429,0.42769923210144045,0.2249216875078944,0.8448275862068966,0.053239274055979835,10.577225518226623
