dt_mean,dt_percent,dt_std,knn_mean,knn_percent,knn_std,rf_mean,rf_percent,rf_std,svm_mean,svm_percent,svm_std
0.22581901431901433,0.6666666666666666,0.059506112398478535,0.1901938061938062,0.7283950617283951,0.06762471054488366,0.37223293373293376,0.6666666666666666,0.09885954704506815,0.2652718947718947,0.7283950617283951,0.10257790689655684
