dt_mean,dt_std,dt_time,knn_mean,knn_std,knn_time,rf_mean,rf_std,rf_time,svm_mean,svm_std,svm_time
0.22683982683982684,0.037734294598045066,0.007676529884338379,0.27913419913419907,0.07543606482521581,0.002638077735900879,0.3190259740259741,0.08771242489782446,1.6151014566421509,0.10909090909090909,0.03636363636363636,0.035375332832336424
