dt_mean,dt_percent,dt_std,knn_mean,knn_percent,knn_std,rf_mean,rf_percent,rf_std,svm_mean,svm_percent,svm_std
0.21806576565197258,0.5675675675675675,0.03640227161279603,0.33055229253505114,0.5675675675675675,0.06268339327419033,0.36110884804850324,0.5675675675675675,0.05840346951791004,0.25804060881647095,0.7846153846153846,0.051708622482241305
