dt_mean,dt_percent,dt_std,dt_time,knn_mean,knn_percent,knn_std,knn_time,rf_mean,rf_percent,rf_std,rf_time,svm_mean,svm_percent,svm_std,svm_time
0.23243100374052758,0.8918918918918919,0.04952591147120881,0.006655406951904297,0.2657848324514991,0.8513513513513513,0.0354889887198782,0.008489608764648438,0.4412767699672461,0.7972972972972973,0.060475192408315524,3.6593030452728272,0.27486724034343085,0.8513513513513513,0.06578064753653139,1.3442540884017944
