dt_mean,dt_percent,dt_std,dt_time,knn_mean,knn_percent,knn_std,knn_time,rf_mean,rf_percent,rf_std,rf_time,svm_mean,svm_percent,svm_std,svm_time
0.2259523809523809,0.7402597402597403,0.04323388673657251,0.0031349897384643556,0.2276190476190476,0.8108108108108109,0.07169157928015353,0.0037695646286010744,0.27683982683982683,0.8873239436619719,0.11302154851936241,1.1640297174453735,0.2187229437229437,0.7402597402597403,0.06135630639470997,0.023091840744018554
