dt_mean,dt_percent,dt_std,dt_time,knn_mean,knn_percent,knn_std,knn_time,rf_mean,rf_percent,rf_std,rf_time,svm_mean,svm_percent,svm_std,svm_time
0.19701038820086442,0.7972972972972973,0.03333585047835144,0.005483651161193847,0.2529551621218288,0.8513513513513513,0.05346630689509328,0.006570506095886231,0.35835310192453057,0.7972972972972973,0.055571645437708095,3.9155345916748048,0.2499716553287982,0.7972972972972973,0.05684540187677766,0.41325232982635496
