dt_mean,dt_percent,dt_std,knn_mean,knn_percent,knn_std,rf_mean,rf_percent,rf_std,svm_mean,svm_percent,svm_std
0.2492998667998668,0.34615384615384615,0.055142251161782396,0.2577249417249417,0.34615384615384615,0.07725025317721795,0.4558048618048618,0.34615384615384615,0.09585247759067518,0.16172877122877122,0.627906976744186,0.0418272239094224
