dt_mean,dt_std,dt_time,knn_mean,knn_std,knn_time,rf_mean,rf_std,rf_time,svm_mean,svm_std,svm_time
0.226991341991342,0.053340206766003394,0.006703758239746093,0.27913419913419907,0.07543606482521581,0.002439713478088379,0.30963203463203465,0.07435632031908813,2.430097246170044,0.13575757575757577,0.06046650599387596,0.03531827926635742
