dt_mean,dt_percent,dt_std,dt_time,knn_mean,knn_percent,knn_std,knn_time,rf_mean,rf_percent,rf_std,rf_time,svm_mean,svm_percent,svm_std,svm_time
0.29416666666666663,0.4827586206896552,0.12186785749884185,0.007701706886291504,0.3747222222222222,0.4827586206896552,0.13500651561779992,0.002645134925842285,0.3545277777777777,0.3793103448275862,0.1390738240985079,1.9265112161636353,0.34727777777777774,0.5287356321839081,0.17615718815385198,0.024056482315063476
