dt_mean,dt_percent,dt_std,dt_time,knn_mean,knn_percent,knn_std,knn_time,rf_mean,rf_percent,rf_std,rf_time,svm_mean,svm_percent,svm_std,svm_time
0.3540361721611722,0.8490566037735849,0.09484666035062758,0.003780698776245117,0.3266254578754578,0.7924528301886793,0.11963078144818326,0.0038957595825195312,0.35625305250305245,0.7924528301886793,0.06378207111345711,2.9893218278884888,0.34483287545787544,0.8490566037735849,0.0645595887913834,0.5956436634063721
