dt_mean,dt_percent,dt_std,dt_time,knn_mean,knn_percent,knn_std,knn_time,rf_mean,rf_percent,rf_std,rf_time,svm_mean,svm_percent,svm_std,svm_time
0.2333079442603252,0.6629213483146067,0.04698356738335603,0.0075146198272705075,0.23660508362889315,0.6629213483146067,0.03880082284892253,0.0065852880477905275,0.3554294823342442,0.6629213483146067,0.05573047565448249,0.38476200103759767,0.25862060778727447,0.6629213483146067,0.06438606952206545,1.1835315942764282
