dt_mean,dt_percent,dt_std,dt_time,knn_mean,knn_percent,knn_std,knn_time,rf_mean,rf_percent,rf_std,rf_time,svm_mean,svm_percent,svm_std,svm_time
0.21334315684315683,0.8142857142857143,0.04676014439406289,0.023108506202697755,0.2773613053613054,0.7285714285714285,0.07805635162875108,0.009295964241027832,0.4044632034632034,0.8714285714285714,0.10522120123081297,3.402357482910156,0.18874492174492172,0.7285714285714285,0.07218724638150006,0.18161399364471437
