dt_mean,dt_percent,dt_std,dt_time,knn_mean,knn_percent,knn_std,knn_time,rf_mean,rf_percent,rf_std,rf_time,svm_mean,svm_percent,svm_std,svm_time
0.20844217085596398,0.7931034482758621,0.028981320744337652,0.01995728015899658,0.20944233926992548,0.8448275862068966,0.03764811147580726,0.008091974258422851,0.3622116963496274,0.7931034482758621,0.05314735321577668,0.8583597421646119,0.23526772556944975,0.7931034482758621,0.044387199115847716,1.1618001461029053
