dt_mean,dt_std,dt_time,knn_mean,knn_std,knn_time,rf_mean,rf_std,rf_time,svm_mean,svm_std,svm_time
0.3402564102564103,0.08784489774877781,0.008775472640991211,0.35338141025641023,0.10981371975229773,0.003381085395812988,0.3687263431013431,0.08383503393258643,1.4225605487823487,0.132257326007326,0.010634175991735282,0.10926814079284668
