dt_mean,dt_percent,dt_std,dt_time,knn_mean,knn_percent,knn_std,knn_time,rf_mean,rf_percent,rf_std,rf_time,svm_mean,svm_percent,svm_std,svm_time
0.24413419913419915,0.6417910447761194,0.06304474006322215,0.0037718772888183593,0.26082251082251084,0.6417910447761194,0.0806018291373789,0.0022812604904174803,0.28038961038961036,0.6417910447761194,0.08936601138117385,2.7022117614746093,0.2228138528138528,0.7611940298507462,0.06583796516232544,0.024292683601379393
