dt_mean,dt_percent,dt_std,dt_time,knn_mean,knn_percent,knn_std,knn_time,rf_mean,rf_percent,rf_std,rf_time,svm_mean,svm_percent,svm_std,svm_time
0.22439393939393937,0.5581395348837209,0.07159112095985506,0.010033488273620605,0.2573809523809524,0.5581395348837209,0.07810395141013403,0.005594825744628907,0.29484848484848486,0.6962025316455697,0.09159102098611392,2.2398496866226196,0.14151515151515154,0.8356164383561644,0.06277629470769051,0.0191469669342041
