dt_mean,dt_percent,dt_std,knn_mean,knn_percent,knn_std,rf_mean,rf_percent,rf_std,svm_mean,svm_percent,svm_std
0.2259523809523809,0.654320987654321,0.04323388673657251,0.22874458874458875,0.8108108108108109,0.07635686279114379,0.2626623376623377,0.654320987654321,0.1331738606811364,0.2272077922077922,0.654320987654321,0.05972983236056923
