dt_mean,dt_percent,dt_std,dt_time,knn_mean,knn_percent,knn_std,knn_time,rf_mean,rf_percent,rf_std,rf_time,svm_mean,svm_percent,svm_std,svm_time
0.32375000000000004,0.7227722772277227,0.09530338577147286,0.010489821434020996,0.28775,0.5963302752293578,0.07771658803341507,0.007230138778686524,0.3418611111111111,0.5963302752293578,0.11531606124682493,2.6338520526885985,0.19388888888888886,0.7938144329896907,0.04979587964510347,0.022141742706298827
