dt_mean,dt_std,dt_time,knn_mean,knn_std,knn_time,rf_mean,rf_std,rf_time,svm_mean,svm_std,svm_time
0.27981694672170865,0.05931146214896347,0.051235294342041014,0.37720555458650695,0.07142369863535274,0.010660719871520997,0.4935407581836154,0.07779884923718636,6.77326648235321,0.2507093920189158,0.08522564389347567,0.6008371114730835
