dt_mean,dt_percent,dt_std,dt_time,knn_mean,knn_percent,knn_std,knn_time,rf_mean,rf_percent,rf_std,rf_time,svm_mean,svm_percent,svm_std,svm_time
0.18566561461711736,0.7244897959183674,0.054158573487033485,0.01947829723358154,0.16276807638829494,0.8571428571428571,0.04435768997649505,0.007221221923828125,0.16799117271111805,0.8979591836734694,0.049274957311969236,3.5065932273864746,0.14090929511694542,0.8979591836734694,0.04404019047561719,1.9780648231506348
