dt_mean,dt_percent,dt_std,dt_time,knn_mean,knn_percent,knn_std,knn_time,rf_mean,rf_percent,rf_std,rf_time,svm_mean,svm_percent,svm_std,svm_time
0.20326823176823172,0.6666666666666666,0.06286435820639155,0.008023428916931152,0.2824295704295704,0.6666666666666666,0.07881258120305089,0.006122159957885742,0.32715567765567766,0.6666666666666666,0.07586085234449388,3.478770899772644,0.13870862470862472,0.6666666666666666,0.054935422319338935,5.36438021659851
