dt_mean,dt_percent,dt_std,dt_time,knn_mean,knn_percent,knn_std,knn_time,rf_mean,rf_percent,rf_std,rf_time,svm_mean,svm_percent,svm_std,svm_time
0.4307098765432098,0.41935483870967744,0.11871377065483153,0.0038591861724853516,0.4192901234567901,0.41935483870967744,0.11712352982701799,0.001980423927307129,0.5020061728395061,0.41935483870967744,0.09423201418080081,0.5858314275741577,0.24984567901234564,0.5903614457831325,0.08161362857856956,0.020504069328308106
