dt_mean,dt_percent,dt_std,dt_time,knn_mean,knn_percent,knn_std,knn_time,rf_mean,rf_percent,rf_std,rf_time,svm_mean,svm_percent,svm_std,svm_time
0.2259523809523809,0.7910447761194029,0.04323388673657251,0.003529953956604004,0.21616883116883118,0.7910447761194029,0.07817216062177318,0.003508472442626953,0.28168831168831165,0.9402985074626866,0.11807410691854338,1.5696301937103272,0.21599567099567096,0.8955223880597015,0.0595710516973939,0.026566171646118165
