dt_mean,dt_percent,dt_std,dt_time,knn_mean,knn_percent,knn_std,knn_time,rf_mean,rf_percent,rf_std,rf_time,svm_mean,svm_percent,svm_std,svm_time
0.34891712454212453,0.65625,0.12317027776350312,0.004949593544006347,0.33491834554334554,0.8928571428571429,0.0853781806574784,0.0032613277435302734,0.35371489621489616,0.65625,0.0782072945944432,0.9340903043746949,0.23017017704517703,0.8928571428571429,0.03230411972588325,0.36842823028564453
