dt_mean,dt_std,knn_mean,knn_std,rf_mean,rf_std,svm_mean,svm_std
0.16626639513593064,0.05755581941287093,0.18579389783966288,0.04845024387705438,0.15768774650263723,0.06917886738310348,0.11133879781420766,0.007687587894414452
