dt_mean,dt_percent,dt_std,knn_mean,knn_percent,knn_std,rf_mean,rf_percent,rf_std,svm_mean,svm_percent,svm_std
0.2358944802992422,0.5913978494623656,0.04924853002258109,0.3297280365137508,0.5913978494623656,0.07275769725233172,0.4734843595557881,0.5913978494623656,0.08964253973950907,0.2108204449871116,0.85,0.058518272511754524
