dt_mean,dt_percent,dt_std,dt_time,knn_mean,knn_percent,knn_std,knn_time,rf_mean,rf_percent,rf_std,rf_time,svm_mean,svm_percent,svm_std,svm_time
0.35204059829059836,0.8928571428571429,0.08999773959589925,0.004389262199401856,0.360643315018315,0.8275862068965517,0.10219635719767135,0.004303169250488281,0.33542887667887666,0.8596491228070176,0.09451044478450137,0.04207930564880371,0.2795558608058608,0.8275862068965517,0.07544800472826185,0.061827588081359866
