dt_mean,dt_percent,dt_std,dt_time,knn_mean,knn_percent,knn_std,knn_time,rf_mean,rf_percent,rf_std,rf_time,svm_mean,svm_percent,svm_std,svm_time
0.32516294552008834,0.5913978494623656,0.07349962407637489,0.011117911338806153,0.20940219392600348,0.85,0.040137276330201026,0.0038120269775390623,0.47868117332403043,0.5913978494623656,0.08304163023672088,1.526940679550171,0.27849647266313926,0.5913978494623656,0.08883400806254016,0.2918690204620361
