dt_mean,dt_percent,dt_std,knn_mean,knn_percent,knn_std,rf_mean,rf_percent,rf_std,svm_mean,svm_percent,svm_std
0.2259523809523809,0.654320987654321,0.04323388673657251,0.22316017316017317,0.8873239436619719,0.07220248457036532,0.2741125541125541,0.8873239436619719,0.1217512438507695,0.2319047619047619,0.8108108108108109,0.08158411513083981
