dt_mean,dt_percent,dt_std,knn_mean,knn_percent,knn_std,rf_mean,rf_percent,rf_std,svm_mean,svm_percent,svm_std
0.35543269230769237,0.8928571428571429,0.08778406264884259,0.3585080891330891,0.8596491228070176,0.09161161877390706,0.32946657509157506,0.8275862068965517,0.06504456778745811,0.280127442002442,0.8596491228070176,0.0914580746851208
