dt_mean,dt_percent,dt_std,dt_time,knn_mean,knn_percent,knn_std,knn_time,rf_mean,rf_percent,rf_std,rf_time,svm_mean,svm_percent,svm_std,svm_time
0.3105697036649418,0.8783783783783784,0.06276310505310659,0.031326675415039064,0.3099893889179603,0.7297297297297297,0.051504071056370455,0.014781355857849121,0.45386296683915733,0.8243243243243243,0.09284952758318743,4.124462842941284,0.31062116014496965,0.9054054054054054,0.0901210956026835,0.26954193115234376
