dt_mean,dt_percent,dt_std,dt_time,knn_mean,knn_percent,knn_std,knn_time,rf_mean,rf_percent,rf_std,rf_time,svm_mean,svm_percent,svm_std,svm_time
0.2282665667665668,0.6666666666666666,0.05823968852152153,0.0053644895553588865,0.3518061938061938,0.7283950617283951,0.08024250337501515,0.004778528213500976,0.3866781551781552,0.6666666666666666,0.10404470802747631,2.391986441612244,0.27978471528471527,0.7283950617283951,0.10938854836535515,1.2216692686080932
