dt_mean,dt_std,knn_mean,knn_std,rf_mean,rf_std,svm_mean,svm_std
0.2790422408279551,0.022335821079814588,0.44955346241060523,0.09379834776185908,0.5007545012306918,0.08680304444561593,0.32637265732503823,0.08565354628811576
