dt_mean,dt_percent,dt_std,knn_mean,knn_percent,knn_std,rf_mean,rf_percent,rf_std,svm_mean,svm_percent,svm_std
0.3992283950617284,0.6708860759493671,0.1405203392557502,0.3981481481481481,0.6708860759493671,0.1250304794420696,0.4287037037037037,0.6708860759493671,0.13474228422457135,0.31527777777777777,0.6708860759493671,0.07975588732038438
