dt_mean,dt_std,dt_time,knn_mean,knn_std,knn_time,rf_mean,rf_std,rf_time,svm_mean,svm_std,svm_time
0.17139147636415392,0.06703545043605116,0.0546400785446167,0.17254642961268643,0.06317709219288993,0.016770434379577637,0.15547687234845703,0.05929511145225935,3.0138834953308105,0.11111111111111112,1.3877787807814457e-17,1.1435535907745362
