dt_mean,dt_percent,dt_std,dt_time,knn_mean,knn_percent,knn_std,knn_time,rf_mean,rf_percent,rf_std,rf_time,svm_mean,svm_percent,svm_std,svm_time
0.28757559107559105,0.7142857142857143,0.0758221187530738,0.005507731437683105,0.2547540792540793,0.6714285714285714,0.06793699503627548,0.0035477638244628905,0.4534239094239094,0.5142857142857142,0.10176524241190395,2.3968311071395876,0.18713936063936065,0.7142857142857143,0.057502262834217534,0.14207746982574462
