dt_mean,dt_percent,dt_std,dt_time,knn_mean,knn_percent,knn_std,knn_time,rf_mean,rf_percent,rf_std,rf_time,svm_mean,svm_percent,svm_std,svm_time
0.24404378954378955,0.5053763440860215,0.04898059880683813,0.006980586051940918,0.35233599733599735,0.5555555555555556,0.10686748872963389,0.003376269340515137,0.455492673992674,0.34615384615384615,0.09852639223454503,1.5061107635498048,0.18734182484182485,0.34615384615384615,0.0727351392450625,0.21038858890533446
