dt_mean,dt_std,dt_time,knn_mean,knn_std,knn_time,rf_mean,rf_std,rf_time,svm_mean,svm_std,svm_time
0.3398695054945055,0.08536401577811774,0.011369729042053222,0.35338141025641023,0.10981371975229773,0.003553605079650879,0.3740934065934066,0.06739375151621053,0.2365471363067627,0.13047161172161173,0.010703151011098096,0.11752505302429199
