dt_mean,dt_percent,dt_std,knn_mean,knn_percent,knn_std,rf_mean,rf_percent,rf_std,svm_mean,svm_percent,svm_std
0.2738055555555555,0.8125,0.10360828488847243,0.34947222222222213,0.6571428571428571,0.1281901227151624,0.3190277777777778,0.8913043478260869,0.08431388390127997,0.24172222222222223,0.8913043478260869,0.06982250424301202
