dt_mean,dt_percent,dt_std,knn_mean,knn_percent,knn_std,rf_mean,rf_percent,rf_std,svm_mean,svm_percent,svm_std
0.2992777777777778,0.7938144329896907,0.08255331236671276,0.29947222222222225,0.7938144329896907,0.09757099741745513,0.34824999999999995,0.851063829787234,0.1002070426112301,0.20277777777777778,0.7938144329896907,0.059004080210452246
