dt_mean,dt_percent,dt_std,knn_mean,knn_percent,knn_std,rf_mean,rf_percent,rf_std,svm_mean,svm_percent,svm_std
0.16123872572984593,0.8846153846153846,0.044325159561507614,0.17165216790899854,0.9215686274509803,0.03797084412271815,0.17605048361878964,0.7043478260869566,0.06311186053461923,0.12721418267524826,0.8846153846153846,0.02924444002015013
