dt_mean,dt_percent,dt_std,dt_time,knn_mean,knn_percent,knn_std,knn_time,rf_mean,rf_percent,rf_std,rf_time,svm_mean,svm_percent,svm_std,svm_time
0.3992283950617284,0.8484848484848485,0.1228089677593189,0.002699923515319824,0.3935185185185185,0.8484848484848485,0.1206628292644538,0.004397082328796387,0.42114197530864195,0.803030303030303,0.14196935373985042,1.131921362876892,0.31851851851851853,0.803030303030303,0.06829013210534896,0.19086577892303466
