dt_mean,dt_std,knn_mean,knn_std,rf_mean,rf_std,svm_mean,svm_std
0.34026556776556777,0.09128084066931923,0.3529647435897436,0.09954595146177263,0.3704136141636142,0.07542898506146473,0.1262591575091575,0.0043789390465096365
