dt_mean,dt_percent,dt_std,dt_time,knn_mean,knn_percent,knn_std,knn_time,rf_mean,rf_percent,rf_std,rf_time,svm_mean,svm_percent,svm_std,svm_time
0.4104938271604938,0.803030303030303,0.12203268131382664,0.004690647125244141,0.4125,0.803030303030303,0.1235263114440018,0.003549528121948242,0.43086419753086413,0.803030303030303,0.10326784139312699,0.6286020755767823,0.30617283950617286,0.803030303030303,0.10056283083064572,0.14030861854553223
