dt_mean,dt_percent,dt_std,knn_mean,knn_percent,knn_std,rf_mean,rf_percent,rf_std,svm_mean,svm_percent,svm_std
0.3482509157509158,0.65625,0.0791101311688563,0.3316933760683761,0.8928571428571429,0.08519507791560242,0.3518398962148962,0.65625,0.09501465868674337,0.2001953601953602,0.65625,0.07803894051456906
