dt_mean,dt_percent,dt_std,dt_time,knn_mean,knn_percent,knn_std,knn_time,rf_mean,rf_percent,rf_std,rf_time,svm_mean,svm_percent,svm_std,svm_time
0.21600943118184496,0.7931034482758621,0.03357485165033163,0.016417407989501955,0.28475269462338426,0.896551724137931,0.06736070942383515,0.00707557201385498,0.36525762073175866,0.7931034482758621,0.04816296020313979,5.02949812412262,0.23503315649867376,0.896551724137931,0.04891896275174167,7.172305536270142
