dt_mean,dt_percent,dt_std,knn_mean,knn_percent,knn_std,rf_mean,rf_percent,rf_std,svm_mean,svm_percent,svm_std
0.22686147186147182,0.4725274725274725,0.043924725122745506,0.21683982683982678,0.6144578313253012,0.08194107676308207,0.29932900432900433,0.4725274725274725,0.08019908150611915,0.22294372294372294,0.5952380952380952,0.09053494436471261
