dt_mean,dt_percent,dt_std,dt_time,knn_mean,knn_percent,knn_std,knn_time,rf_mean,rf_percent,rf_std,rf_time,svm_mean,svm_percent,svm_std,svm_time
0.23008658008658006,0.8208955223880597,0.06253703387342414,0.006391596794128418,0.2548701298701299,0.8656716417910447,0.07285170567689789,0.004517459869384765,0.2956060606060606,0.8208955223880597,0.07515131877505414,0.43043105602264403,0.12030303030303031,0.8656716417910447,0.05328596381218921,0.01610853672027588
