dt_mean,dt_percent,dt_std,dt_time,knn_mean,knn_percent,knn_std,knn_time,rf_mean,rf_percent,rf_std,rf_time,svm_mean,svm_percent,svm_std,svm_time
0.21533935413245758,0.8793103448275862,0.03715550052251578,0.03516135215759277,0.22457601785187992,0.8275862068965517,0.03394594013193731,0.01289975643157959,0.35943702370426506,0.7241379310344828,0.05858468194273592,8.196686840057373,0.274386131110269,0.7241379310344828,0.05249540643991359,0.5818647146224976
