dt_mean,dt_percent,dt_std,dt_time,knn_mean,knn_percent,knn_std,knn_time,rf_mean,rf_percent,rf_std,rf_time,svm_mean,svm_percent,svm_std,svm_time
0.16255860095682498,0.9029126213592233,0.029078690354116813,0.007045483589172364,0.1716301648917769,0.7345132743362832,0.02949999075501543,0.00977935791015625,0.1666316841931596,0.7345132743362832,0.03407991153820526,2.669897365570068,0.1771380784768763,0.8148148148148148,0.05367268284050283,6.391073989868164
