dt_mean,dt_percent,dt_std,dt_time,knn_mean,knn_percent,knn_std,knn_time,rf_mean,rf_percent,rf_std,rf_time,svm_mean,svm_percent,svm_std,svm_time
0.3433888888888889,0.896551724137931,0.12233043189616077,0.007092070579528808,0.32213888888888886,0.7931034482758621,0.11921412225254376,0.003746771812438965,0.35616666666666663,0.896551724137931,0.13868528409565073,0.1572674036026001,0.2385277777777778,0.9425287356321839,0.09264428603301934,0.01719992160797119
