dt_mean,dt_std,dt_time,knn_mean,knn_std,knn_time,rf_mean,rf_std,rf_time,svm_mean,svm_std,svm_time
0.18756810239568858,0.030847570877624332,0.07946176528930664,0.33921424361079533,0.06097327973186767,0.010481524467468261,0.37574370552818825,0.05338265090577341,1.8786181211471558,0.23192602416740343,0.04615641528477339,0.844551968574524
