dt_mean,dt_percent,dt_std,knn_mean,knn_percent,knn_std,rf_mean,rf_percent,rf_std,svm_mean,svm_percent,svm_std
0.20982827038861523,0.7313432835820896,0.04175303108060558,0.19859553281967077,0.6111111111111112,0.033828315537168106,0.35831301839922525,0.6111111111111112,0.056678732522157965,0.22947907456528144,0.6111111111111112,0.05606085598861304
