dt_mean,dt_percent,dt_std,dt_time,knn_mean,knn_percent,knn_std,knn_time,rf_mean,rf_percent,rf_std,rf_time,svm_mean,svm_percent,svm_std,svm_time
0.19415168165168165,0.8,0.07649619849329035,0.006677079200744629,0.2196856476856477,0.9,0.05431034259783151,0.007269716262817383,0.33532117882117884,0.8,0.06530312619921919,3.6669960737228395,0.15711305361305364,0.9,0.04601655135873744,0.623625111579895
