dt_mean,dt_percent,dt_std,knn_mean,knn_percent,knn_std,rf_mean,rf_percent,rf_std,svm_mean,svm_percent,svm_std
0.38393772893772893,0.19101123595505617,0.1260481223124316,0.34409340659340665,0.19101123595505617,0.10714010643051766,0.37572420634920634,0.6060606060606061,0.10207567768317374,0.25817918192918193,0.7096774193548387,0.08770384537199481
