dt_mean,dt_percent,dt_std,dt_time,knn_mean,knn_percent,knn_std,knn_time,rf_mean,rf_percent,rf_std,rf_time,svm_mean,svm_percent,svm_std,svm_time
0.3826060744810745,0.7096774193548387,0.10095242403568062,0.003338050842285156,0.3661179792429793,0.19101123595505617,0.10375851102569714,0.0026387691497802733,0.3764087301587301,0.6060606060606061,0.10111283416547175,1.7713061809539794,0.27520299145299143,0.7096774193548387,0.10273189359126723,0.14603872299194337
