dt_mean,dt_percent,dt_std,knn_mean,knn_percent,knn_std,rf_mean,rf_percent,rf_std,svm_mean,svm_percent,svm_std
0.2755390332771285,0.574468085106383,0.05555188022097102,0.3705225109987015,0.574468085106383,0.06976864481737291,0.4534535922631161,0.574468085106383,0.08271910123991986,0.3493492838730934,0.8271604938271605,0.08863465474586762
