dt_mean,dt_percent,dt_std,dt_time,knn_mean,knn_percent,knn_std,knn_time,rf_mean,rf_percent,rf_std,rf_time,svm_mean,svm_percent,svm_std,svm_time
0.2858888888888889,0.9425287356321839,0.12094482723361055,0.00321042537689209,0.31530555555555556,0.896551724137931,0.10906925608739058,0.0034097909927368166,0.31594444444444447,0.8505747126436781,0.08319712943172385,2.9410199165344237,0.2188888888888889,0.9425287356321839,0.09671534534235693,0.016266465187072754
