dt_mean,dt_std,dt_time,knn_mean,knn_std,knn_time,rf_mean,rf_std,rf_time,svm_mean,svm_std,svm_time
0.31227777777777777,0.14480104486015488,0.012700867652893067,0.3491666666666667,0.15031469047581314,0.0021893978118896484,0.36477777777777776,0.10522050626314057,0.24531941413879393,0.12583333333333332,0.026990224567836073,0.04523825645446777
