dt_mean,dt_std,dt_time,knn_mean,knn_std,knn_time,rf_mean,rf_std,rf_time,svm_mean,svm_std,svm_time
0.39938271604938264,0.1269880768051198,0.008931660652160644,0.4796296296296296,0.10491966065902983,0.0021645784378051757,0.4841049382716049,0.08626543209876543,3.3503275394439695,0.23379629629629628,0.06362536604762606,0.03291475772857666
