dt_mean,dt_percent,dt_std,knn_mean,knn_percent,knn_std,rf_mean,rf_percent,rf_std,svm_mean,svm_percent,svm_std
0.3302777777777778,0.23404255319148937,0.14548895847120852,0.3964722222222222,0.359375,0.1513848648802608,0.36677777777777776,0.23404255319148937,0.14232999388917933,0.3093611111111111,0.6111111111111112,0.12473806197363446
