dt_mean,dt_percent,dt_std,knn_mean,knn_percent,knn_std,rf_mean,rf_percent,rf_std,svm_mean,svm_percent,svm_std
0.1659358367042793,0.7345132743362832,0.04556982440288607,0.19449111895491678,0.8148148148148148,0.049005656936990834,0.17278784335478323,0.7345132743362832,0.04295133311428247,0.17735409336160698,0.9029126213592233,0.05704115955168305
