dt_mean,dt_percent,dt_std,dt_time,knn_mean,knn_percent,knn_std,knn_time,rf_mean,rf_percent,rf_std,rf_time,svm_mean,svm_percent,svm_std,svm_time
0.18734071812623723,0.568,0.06343018637614525,0.020127367973327637,0.1583524672049262,0.75,0.03719377329651217,0.006824207305908203,0.16693676807406316,0.8148148148148148,0.047707443253670635,0.4925368785858154,0.1421781344288175,0.8148148148148148,0.05090567976881028,3.9609360694885254
