dt_mean,dt_percent,dt_std,dt_time,knn_mean,knn_percent,knn_std,knn_time,rf_mean,rf_percent,rf_std,rf_time,svm_mean,svm_percent,svm_std,svm_time
0.34734890109890115,0.7924528301886793,0.0990809613823551,0.0058975696563720705,0.33795405982905985,0.8490566037735849,0.0782236791090846,0.003484630584716797,0.35267322954822955,0.7924528301886793,0.09474711541896066,2.4781023502349853,0.2102709096459096,0.7924528301886793,0.09933800174555202,0.07090551853179931
