dt_mean,dt_percent,dt_std,knn_mean,knn_percent,knn_std,rf_mean,rf_percent,rf_std,svm_mean,svm_percent,svm_std
0.23499234099234098,0.6867469879518072,0.05736649261760862,0.4044297369297369,0.6867469879518072,0.11214380584654877,0.4029701964701965,0.7721518987341772,0.1073120630345758,0.1858031968031968,0.7721518987341772,0.059291460160092284
