dt_mean,dt_std,dt_time,knn_mean,knn_std,knn_time,rf_mean,rf_std,rf_time,svm_mean,svm_std,svm_time
0.16507414476335242,0.054764414211770536,0.03587255477905273,0.18579389783966288,0.04845024387705438,0.015944957733154297,0.15292459311584997,0.060600652806214704,0.8303365468978882,0.11240291281274888,0.012786262117115492,1.136806559562683
