dt_mean,dt_percent,dt_std,knn_mean,knn_percent,knn_std,rf_mean,rf_percent,rf_std,svm_mean,svm_percent,svm_std
0.22330480821860133,0.6571428571428571,0.027795001736699305,0.21197275904172458,0.6571428571428571,0.03863436379655197,0.37167961348995826,0.6571428571428571,0.04741194589775162,0.24359479600858908,0.8125,0.0482960068284247
