dt_mean,dt_percent,dt_std,dt_time,knn_mean,knn_percent,knn_std,knn_time,rf_mean,rf_percent,rf_std,rf_time,svm_mean,svm_percent,svm_std,svm_time
0.24154446128584056,0.8125,0.04512260962326176,0.032764434814453125,0.33055229253505114,0.5675675675675675,0.06268339327419033,0.010514640808105468,0.3558185971117006,0.7058823529411765,0.06556569298719696,6.102890944480896,0.21634889057302856,0.7058823529411765,0.048686112029404656,0.4508504390716553
