dt_mean,dt_percent,dt_std,knn_mean,knn_percent,knn_std,rf_mean,rf_percent,rf_std,svm_mean,svm_percent,svm_std
0.1939597415587853,0.568,0.061655288487532,0.17397504906043157,0.21739130434782608,0.030146504991691973,0.17345145961607708,0.8148148148148148,0.04711694440984573,0.14646349223535016,0.8148148148148148,0.04430037917186737
