dt_mean,dt_percent,dt_std,dt_time,knn_mean,knn_percent,knn_std,knn_time,rf_mean,rf_percent,rf_std,rf_time,svm_mean,svm_percent,svm_std,svm_time
0.24413419913419915,0.4725274725274725,0.06304474006322215,0.0028086185455322267,0.21926406926406922,0.6144578313253012,0.052677508343784596,0.0016013383865356445,0.29432900432900433,0.4725274725274725,0.08435372358754029,2.173589897155762,0.21554112554112553,0.6144578313253012,0.06586027734819622,0.016477131843566896
