dt_mean,dt_std,knn_mean,knn_std,rf_mean,rf_std,svm_mean,svm_std
0.39938271604938264,0.1269880768051198,0.4611111111111111,0.12186825223915224,0.48271604938271595,0.08460337635674917,0.15030864197530863,0.030641169496273716
