dt_mean,dt_percent,dt_std,knn_mean,knn_percent,knn_std,rf_mean,rf_percent,rf_std,svm_mean,svm_percent,svm_std
0.2136335312197381,0.6571428571428571,0.027821508678368086,0.31498784261715296,0.7313432835820896,0.06203467713356296,0.3617452423055871,0.6571428571428571,0.056665412687631964,0.300803439855164,0.6571428571428571,0.05794251373264424
