dt_mean,dt_percent,dt_std,knn_mean,knn_percent,knn_std,rf_mean,rf_percent,rf_std,svm_mean,svm_percent,svm_std
0.40895061728395055,0.7368421052631579,0.14418734373367736,0.39722222222222225,0.8082191780821918,0.1174852074406945,0.40432098765432095,0.7368421052631579,0.12755915573034585,0.36574074074074076,0.8857142857142857,0.07343798389827182
