dt_mean,dt_std,dt_time,knn_mean,knn_std,knn_time,rf_mean,rf_std,rf_time,svm_mean,svm_std,svm_time
0.3058888888888888,0.13362686439817736,0.009473848342895507,0.3491666666666667,0.15031469047581314,0.0023847579956054687,0.3619444444444444,0.12356578444868851,0.5341778993606567,0.13083333333333333,0.03005781466145238,0.042438626289367676
