dt_mean,dt_percent,dt_std,knn_mean,knn_percent,knn_std,rf_mean,rf_percent,rf_std,svm_mean,svm_percent,svm_std
0.20077887280268233,0.8048780487804879,0.04972675068562446,0.2477911021958641,0.7411764705882353,0.0392418387206841,0.44301907087621367,0.6629213483146067,0.0610469343654114,0.2593895478419288,0.6629213483146067,0.06591327094342432
