dt_mean,dt_percent,dt_std,dt_time,knn_mean,knn_percent,knn_std,knn_time,rf_mean,rf_percent,rf_std,rf_time,svm_mean,svm_percent,svm_std,svm_time
0.17378649419291495,0.8979591836734694,0.027847702196917252,0.0074557304382324215,0.18703875068970696,0.7959183673469388,0.05143668589130605,0.01041398048400879,0.16570262046696477,0.9489795918367347,0.03221778353489419,1.6521286249160767,0.17762684277370072,0.8979591836734694,0.05224581706979404,1.7139821290969848
