dt_mean,dt_percent,dt_std,dt_time,knn_mean,knn_percent,knn_std,knn_time,rf_mean,rf_percent,rf_std,rf_time,svm_mean,svm_percent,svm_std,svm_time
0.38780864197530857,0.7424242424242424,0.1008438948165937,0.010581374168395996,0.4566358024691358,0.7424242424242424,0.1327975811864363,0.005195260047912598,0.48734567901234566,0.8787878787878788,0.10445330931646202,2.6528833627700807,0.15308641975308643,0.9090909090909091,0.035945860151952266,0.01791532039642334
