dt_mean,dt_std,dt_time,knn_mean,knn_std,knn_time,rf_mean,rf_std,rf_time,svm_mean,svm_std,svm_time
0.3036756576756577,0.05889862307781385,0.03986434936523438,0.4183561438561439,0.11794270427912042,0.004945731163024903,0.4554901764901764,0.09408904974024347,0.47778322696685793,0.19595004995004994,0.0808572857077056,0.32839078903198243
