dt_mean,dt_std,dt_time,knn_mean,knn_std,knn_time,rf_mean,rf_std,rf_time,svm_mean,svm_std,svm_time
0.1298301320434469,0.0350341332441641,0.14075703620910646,0.12169140017173752,0.039591460671322375,0.11730079650878907,0.12309204166141145,0.03335660272523734,5.757555627822876,0.06558495478058055,0.016470476767141334,43.71849377155304
