dt_mean,dt_percent,dt_std,dt_time,knn_mean,knn_percent,knn_std,knn_time,rf_mean,rf_percent,rf_std,rf_time,svm_mean,svm_percent,svm_std,svm_time
0.12028015316338278,0.7931034482758621,0.040621702523733004,0.028984427452087402,0.11677003558079106,0.9482758620689655,0.03561598053773185,0.028505277633666993,0.11997825817661982,0.9482758620689655,0.042457853421056804,4.794019436836242,0.11433417248014222,0.896551724137931,0.0386821271968957,2.617756414413452
