dt_mean,dt_percent,dt_std,dt_time,knn_mean,knn_percent,knn_std,knn_time,rf_mean,rf_percent,rf_std,rf_time,svm_mean,svm_percent,svm_std,svm_time
0.11281587253418486,0.9016393442622951,0.03239638512760215,0.023915982246398924,0.11497123102069798,0.9016393442622951,0.038312200792481356,0.02815670967102051,0.11854114266561855,0.7313432835820896,0.04090718266192538,5.879655742645264,0.11433417248014222,0.8125,0.0386821271968957,2.729147529602051
