dt_mean,dt_std,knn_mean,knn_std,rf_mean,rf_std,svm_mean,svm_std
0.13893240195476503,0.05195252327476278,0.12178979135135679,0.04243281091079087,0.11621211631773513,0.03220604054737327,0.05613816741426849,0.0035675730553079944
