dt_mean,dt_percent,dt_std,knn_mean,knn_percent,knn_std,rf_mean,rf_percent,rf_std,svm_mean,svm_percent,svm_std
0.11522917051854871,0.6338028169014085,0.030990366333571533,0.12207419797308021,0.6811594202898551,0.04132820326335131,0.12333472867021247,0.6811594202898551,0.03870263338218853,0.05873425871903618,0.6811594202898551,0.0077814469556404
