dt_mean,dt_percent,dt_std,dt_time,knn_mean,knn_percent,knn_std,knn_time,rf_mean,rf_percent,rf_std,rf_time,svm_mean,svm_percent,svm_std,svm_time
0.11304702289450805,0.896551724137931,0.02580678908702093,0.025522279739379882,0.11346251170322189,0.7931034482758621,0.033924265653920184,0.049683761596679685,0.11835832239266639,0.7931034482758621,0.03621356593382581,7.133039450645446,0.11433417248014222,0.9482758620689655,0.0386821271968957,2.6363436937332154
