dt_mean,dt_percent,dt_std,knn_mean,knn_percent,knn_std,rf_mean,rf_percent,rf_std,svm_mean,svm_percent,svm_std
0.11238003059432385,0.7313432835820896,0.0368284334655192,0.11472780288178135,0.6571428571428571,0.030778946790458967,0.11913120544390277,0.8125,0.03804214558367511,0.11433417248014222,0.9016393442622951,0.0386821271968957
