dt_mean,dt_percent,dt_std,dt_time,knn_mean,knn_percent,knn_std,knn_time,rf_mean,rf_percent,rf_std,rf_time,svm_mean,svm_percent,svm_std,svm_time
0.12263278279237033,0.8412698412698413,0.04487548585149543,0.04034090042114258,0.11169387991997426,0.6338028169014085,0.0270141533284224,0.04851589202880859,0.10404145143114985,0.8412698412698413,0.0214414487328589,2.7488027811050415,0.10033348323230204,0.9016393442622951,0.02589441362003585,51.20230853557587
