dt_mean,dt_percent,dt_std,dt_time,knn_mean,knn_percent,knn_std,knn_time,rf_mean,rf_percent,rf_std,rf_time,svm_mean,svm_percent,svm_std,svm_time
0.11703986434004754,0.7758620689655172,0.028262821367651854,0.32120838165283205,0.12188558753220499,0.8103448275862069,0.038303376245655864,0.1174318552017212,0.12060268498863472,0.8103448275862069,0.03631160266362591,12.758325910568237,0.07011611153232883,0.8103448275862069,0.021248220575963775,20.101044702529908
