dt_mean,dt_percent,dt_std,dt_time,knn_mean,knn_percent,knn_std,knn_time,rf_mean,rf_percent,rf_std,rf_time,svm_mean,svm_percent,svm_std,svm_time
0.11765095035732225,0.6811594202898551,0.03821783155581237,0.26602299213409425,0.121891334336936,0.6811594202898551,0.04062156649473294,0.11779670715332032,0.12253982621193027,0.6811594202898551,0.03611031842529772,13.033051490783691,0.10703388397304803,0.7313432835820896,0.02997453976624289,19.70851676464081
