dt_mean,dt_percent,dt_std,dt_time,knn_mean,knn_percent,knn_std,knn_time,rf_mean,rf_percent,rf_std,rf_time,svm_mean,svm_percent,svm_std,svm_time
0.11990444858219507,0.7758620689655172,0.035265364842976966,0.05421900749206543,0.10634984375610605,0.7758620689655172,0.029063839664282828,0.055467844009399414,0.10622963145616864,0.9137931034482759,0.0215929080032453,7.818010950088501,0.1007555443039484,0.9482758620689655,0.025467625785542954,98.85905270576477
