dt_mean,dt_percent,dt_std,knn_mean,knn_percent,knn_std,rf_mean,rf_percent,rf_std,svm_mean,svm_percent,svm_std
0.11552556974181456,0.8412698412698413,0.04118249265232892,0.10254687987325681,0.6338028169014085,0.0280941316343649,0.11499848985848701,0.6338028169014085,0.01827907705995085,0.10056125733337777,0.9016393442622951,0.02631349197535778
