dt_mean,dt_percent,dt_std,knn_mean,knn_percent,knn_std,rf_mean,rf_percent,rf_std,svm_mean,svm_percent,svm_std
0.11537441339545765,0.8125,0.037798272521590986,0.11677003558079106,0.9016393442622951,0.03561598053773185,0.11854114266561855,0.7313432835820896,0.04090718266192538,0.11433417248014222,0.9016393442622951,0.0386821271968957
