dt_mean,dt_std,dt_time,knn_mean,knn_std,knn_time,rf_mean,rf_std,rf_time,svm_mean,svm_std,svm_time
0.13149447570488615,0.05289044691191682,0.18477013111114501,0.12178979135135679,0.04243281091079087,0.12027323246002197,0.11948663319926536,0.033769026234862304,2.229935574531555,0.06728497467298933,0.017772665967768192,44.23402273654938
