dt_mean,dt_percent,dt_std,dt_time,knn_mean,knn_percent,knn_std,knn_time,rf_mean,rf_percent,rf_std,rf_time,svm_mean,svm_percent,svm_std,svm_time
0.1167917300222427,0.8125,0.029967120174442554,0.02793271541595459,0.11757357680925866,0.6571428571428571,0.03285397980015913,0.050188207626342775,0.12090266989041469,0.8125,0.030351719552297964,0.21485705375671388,0.11433417248014222,0.9016393442622951,0.0386821271968957,2.5997007131576537
